-- phpMyAdmin SQL Dump
-- version 4.5.1
-- http://www.phpmyadmin.net
--
-- Host: 127.0.0.1
-- Generation Time: Nov 07, 2018 at 03:26 AM
-- Server version: 10.1.19-MariaDB
-- PHP Version: 5.6.28

SET SQL_MODE = "NO_AUTO_VALUE_ON_ZERO";
SET time_zone = "+00:00";


/*!40101 SET @OLD_CHARACTER_SET_CLIENT=@@CHARACTER_SET_CLIENT */;
/*!40101 SET @OLD_CHARACTER_SET_RESULTS=@@CHARACTER_SET_RESULTS */;
/*!40101 SET @OLD_COLLATION_CONNECTION=@@COLLATION_CONNECTION */;
/*!40101 SET NAMES utf8mb4 */;

--
-- Database: `webci`
--

-- --------------------------------------------------------

--
-- Table structure for table `admin`
--

CREATE TABLE `admin` (
  `id` int(11) NOT NULL,
  `username` varchar(255) NOT NULL,
  `password` varchar(255) NOT NULL
) ENGINE=InnoDB DEFAULT CHARSET=latin1;

--
-- Dumping data for table `admin`
--

INSERT INTO `admin` (`id`, `username`, `password`) VALUES
(1, 'admin', '21232F297A57A5A743894A0E4A801FC3'),
(2, 'user', 'ee11cbb19052e40b07aac0ca060c23ee'),
(3, 'ahmad', '202cb962ac59075b964b07152d234b70');

-- --------------------------------------------------------

--
-- Table structure for table `data`
--

CREATE TABLE `data` (
  `id` int(11) NOT NULL,
  `iddevice` double NOT NULL,
  `nilaikemiringan` double NOT NULL,
  `nilaigerakan` double NOT NULL,
  `waktu` timestamp NOT NULL DEFAULT CURRENT_TIMESTAMP
) ENGINE=InnoDB DEFAULT CHARSET=latin1;

--
-- Dumping data for table `data`
--

INSERT INTO `data` (`id`, `iddevice`, `nilaikemiringan`, `nilaigerakan`, `waktu`) VALUES
(1, 0, -2, 1, '2018-09-28 17:21:39'),
(2, 0, -2, 1, '2018-09-28 17:21:40'),
(3, 0, -2, 1, '2018-09-28 17:21:41'),
(4, 0, -2, 1, '2018-09-28 17:21:42'),
(5, 0, -2, 1, '2018-09-28 17:21:43'),
(6, 0, -2, 1, '2018-09-28 17:21:45'),
(7, 0, -2, 1, '2018-09-28 17:21:46'),
(8, 0, -2, 1, '2018-09-28 17:21:47'),
(9, 0, -19, 1, '2018-09-28 17:21:48'),
(10, 0, 9, 1, '2018-09-28 17:21:56'),
(11, 0, 61, 1, '2018-09-28 17:22:04'),
(12, 0, -2, 1, '2018-09-28 17:22:13'),
(13, 0, -4, 0, '2018-09-28 17:22:14'),
(14, 0, -2, 1, '2018-09-28 17:22:25'),
(15, 0, -2, 1, '2018-09-28 17:22:27'),
(16, 0, -2, 1, '2018-09-28 17:22:28'),
(17, 0, -2, 1, '2018-09-28 17:22:35'),
(18, 0, -2, 1, '2018-09-28 17:22:36'),
(19, 0, 1, 1, '2018-09-28 17:22:38'),
(20, 0, -2, 1, '2018-09-28 17:22:39'),
(21, 0, -2, 1, '2018-09-28 17:22:40'),
(22, 0, -2, 1, '2018-09-28 17:22:41'),
(23, 0, -2, 1, '2018-09-28 17:22:42'),
(24, 0, -2, 1, '2018-09-28 17:22:43'),
(25, 0, -2, 1, '2018-09-28 17:22:44'),
(26, 0, -2, 1, '2018-09-28 17:22:46'),
(27, 0, -2, 1, '2018-09-28 17:22:47'),
(28, 0, -2, 1, '2018-09-28 17:22:48'),
(29, 0, -2, 1, '2018-09-28 17:22:49'),
(30, 0, -2, 1, '2018-09-28 17:22:53'),
(31, 0, -2, 1, '2018-09-28 17:22:54'),
(32, 0, -2, 1, '2018-09-28 17:22:56'),
(33, 0, -2, 1, '2018-09-28 17:22:57'),
(34, 0, -2, 1, '2018-09-28 17:22:58'),
(35, 0, -2, 1, '2018-09-28 17:23:02'),
(36, 0, -2, 1, '2018-09-28 17:23:03'),
(37, 0, -2, 1, '2018-09-28 17:23:05'),
(38, 0, -2, 1, '2018-09-28 17:23:06'),
(39, 0, -2, 1, '2018-09-28 17:23:07'),
(40, 0, -2, 1, '2018-09-28 17:23:08'),
(41, 0, -2, 1, '2018-09-28 17:23:09'),
(42, 0, -2, 1, '2018-09-28 17:23:11'),
(43, 0, -2, 1, '2018-09-28 17:23:12'),
(44, 0, -2, 1, '2018-09-28 17:23:13'),
(45, 0, -2, 1, '2018-09-28 17:23:14'),
(46, 0, -2, 1, '2018-09-28 17:23:15'),
(47, 0, -2, 1, '2018-09-28 17:23:16'),
(48, 0, -2, 1, '2018-09-28 17:23:18'),
(49, 0, -2, 1, '2018-09-28 17:23:19'),
(50, 0, -2, 1, '2018-09-28 17:23:20'),
(51, 0, -2, 1, '2018-09-28 17:23:21'),
(52, 0, -2, 1, '2018-09-28 17:23:22'),
(53, 0, -2, 1, '2018-09-28 17:23:23'),
(54, 0, -2, 1, '2018-09-28 17:23:25'),
(55, 0, -2, 1, '2018-09-28 17:23:26'),
(56, 0, -2, 1, '2018-09-28 17:23:27'),
(57, 0, -2, 1, '2018-09-28 17:23:28'),
(58, 0, -2, 1, '2018-09-28 17:23:29'),
(59, 0, -2, 1, '2018-09-28 17:23:30'),
(60, 0, -2, 1, '2018-09-28 17:23:31'),
(61, 0, -2, 1, '2018-09-28 17:23:32'),
(62, 0, -2, 1, '2018-09-28 17:23:34'),
(63, 0, -2, 1, '2018-09-28 17:23:35'),
(64, 0, -2, 1, '2018-09-28 17:23:36'),
(65, 0, -2, 1, '2018-09-28 17:23:37'),
(66, 0, -2, 1, '2018-09-28 17:23:38'),
(67, 0, -2, 1, '2018-09-28 17:23:40'),
(68, 0, -2, 1, '2018-09-28 17:23:41'),
(69, 0, -2, 1, '2018-09-28 17:23:42'),
(70, 0, -2, 1, '2018-09-28 17:23:43'),
(71, 0, -2, 1, '2018-09-28 17:23:44'),
(72, 0, -2, 1, '2018-09-28 17:23:46'),
(73, 0, -2, 1, '2018-09-28 17:23:47'),
(74, 0, -2, 1, '2018-09-28 17:23:48'),
(75, 0, -2, 1, '2018-09-28 17:23:49'),
(76, 0, -2, 1, '2018-09-28 17:23:50'),
(77, 0, -2, 1, '2018-09-28 17:23:51'),
(78, 0, -2, 1, '2018-09-28 17:23:53'),
(79, 0, -2, 1, '2018-09-28 17:23:54'),
(80, 0, -2, 1, '2018-09-28 17:23:55'),
(81, 0, -2, 1, '2018-09-28 17:23:56'),
(82, 0, -2, 1, '2018-09-28 17:23:57'),
(83, 0, -2, 1, '2018-09-28 17:23:58'),
(84, 0, -2, 1, '2018-09-28 17:24:00'),
(85, 0, -2, 1, '2018-09-28 17:24:01'),
(86, 0, -2, 1, '2018-09-28 17:24:02'),
(87, 0, -2, 1, '2018-09-28 17:24:03'),
(88, 0, -2, 1, '2018-09-28 17:24:05'),
(89, 0, -2, 1, '2018-09-28 17:24:07'),
(90, 0, -2, 1, '2018-09-28 17:24:08'),
(91, 0, -2, 1, '2018-09-28 17:24:09'),
(92, 0, -2, 1, '2018-09-28 17:24:10'),
(93, 0, -2, 1, '2018-09-28 17:24:11'),
(94, 0, -2, 1, '2018-09-28 17:24:13'),
(95, 0, -2, 1, '2018-09-28 17:24:14'),
(96, 0, -2, 1, '2018-09-28 17:24:15'),
(97, 0, -2, 1, '2018-09-28 17:24:17'),
(98, 0, -2, 1, '2018-09-28 17:24:19'),
(99, 0, -2, 1, '2018-09-28 17:24:20'),
(100, 0, -2, 1, '2018-09-28 17:24:21'),
(101, 0, -2, 1, '2018-09-28 17:24:22'),
(102, 0, -2, 1, '2018-09-28 17:24:23'),
(103, 0, -2, 1, '2018-09-28 17:24:24'),
(104, 0, -2, 1, '2018-09-28 17:24:26'),
(105, 0, -2, 1, '2018-09-28 17:24:27'),
(106, 0, -2, 1, '2018-09-28 17:24:28'),
(107, 0, -2, 1, '2018-09-28 17:24:29'),
(108, 0, -2, 1, '2018-09-28 17:24:30'),
(109, 0, -2, 1, '2018-09-28 17:24:31'),
(110, 0, -2, 1, '2018-09-28 17:24:32'),
(111, 0, -2, 1, '2018-09-28 17:24:33'),
(112, 0, -2, 1, '2018-09-28 17:24:35'),
(113, 0, -2, 1, '2018-09-28 17:24:36'),
(114, 0, -2, 1, '2018-09-28 17:24:40'),
(115, 0, -2, 1, '2018-09-28 17:24:41'),
(116, 0, -2, 1, '2018-09-28 17:24:42'),
(117, 0, -2, 1, '2018-09-28 17:24:43'),
(118, 0, -2, 1, '2018-09-28 17:24:45'),
(119, 0, -2, 1, '2018-09-28 17:24:46'),
(120, 0, -2, 1, '2018-09-28 17:24:47'),
(121, 0, -2, 1, '2018-09-28 17:24:48'),
(122, 0, -2, 1, '2018-09-28 17:24:49'),
(123, 0, -2, 1, '2018-09-28 17:24:50'),
(124, 0, -2, 1, '2018-09-28 17:24:51'),
(125, 0, -2, 1, '2018-09-28 17:24:52'),
(126, 0, -2, 1, '2018-09-28 17:24:54'),
(127, 0, -2, 1, '2018-09-28 17:24:55'),
(128, 0, -1, 1, '2018-09-28 17:24:56'),
(129, 0, -2, 1, '2018-09-28 17:24:57'),
(130, 0, 23, 0, '2018-09-28 17:24:58'),
(131, 0, 0, 0, '2018-09-28 17:25:06'),
(132, 0, 16, 1, '2018-09-28 17:25:07'),
(133, 0, -2, 1, '2018-09-28 17:25:15'),
(134, 0, 0, 0, '2018-09-28 17:37:10'),
(135, 0, -2, 1, '2018-09-28 17:37:11'),
(136, 0, -2, 1, '2018-09-28 17:37:12'),
(137, 0, -2, 1, '2018-09-28 17:37:17'),
(138, 0, 48, 0, '2018-09-28 17:37:18'),
(139, 0, -2, 1, '2018-09-28 17:37:26'),
(140, 0, -2, 1, '2018-09-28 17:37:27'),
(141, 0, -2, 1, '2018-09-28 17:37:29'),
(142, 0, -2, 1, '2018-09-28 17:37:30'),
(143, 0, -2, 1, '2018-09-28 17:37:31'),
(144, 0, -2, 1, '2018-09-28 17:37:32'),
(145, 0, -2, 1, '2018-09-28 17:37:33'),
(146, 0, -2, 1, '2018-09-28 17:37:35'),
(147, 0, -2, 1, '2018-09-28 17:37:36'),
(148, 0, -2, 1, '2018-09-28 17:37:37'),
(149, 0, -2, 1, '2018-09-28 17:37:38'),
(150, 0, -2, 1, '2018-09-28 17:37:39'),
(151, 0, -2, 1, '2018-09-28 17:37:41'),
(152, 0, -2, 1, '2018-09-28 17:37:42'),
(153, 0, 4, 1, '2018-09-28 17:37:43'),
(154, 0, -7, 0, '2018-09-28 17:37:51'),
(155, 0, -2, 1, '2018-09-28 17:38:00'),
(156, 0, -2, 1, '2018-09-28 17:38:01'),
(157, 0, -2, 1, '2018-09-28 17:38:02'),
(158, 0, -2, 1, '2018-09-28 17:38:03'),
(159, 0, -2, 1, '2018-09-28 17:38:04'),
(160, 0, -2, 1, '2018-09-28 17:38:06'),
(161, 0, -2, 1, '2018-09-28 17:38:07'),
(162, 0, -2, 1, '2018-09-28 17:38:08'),
(163, 0, -2, 1, '2018-09-28 17:38:09'),
(164, 0, -2, 1, '2018-09-28 17:38:10'),
(165, 0, -2, 1, '2018-09-28 17:38:11'),
(166, 0, -2, 1, '2018-09-28 17:38:15'),
(167, 0, -2, 1, '2018-09-28 17:38:16'),
(168, 0, -2, 1, '2018-09-28 17:38:18'),
(169, 0, -2, 1, '2018-09-28 17:38:19'),
(170, 0, 0, 1, '2018-09-28 17:38:20'),
(171, 0, -3, 0, '2018-09-28 17:38:21'),
(172, 0, -2, 1, '2018-09-28 17:38:29'),
(173, 0, -2, 1, '2018-09-28 17:38:30'),
(174, 0, -2, 1, '2018-09-28 17:38:32'),
(175, 0, -2, 1, '2018-09-28 17:38:33'),
(176, 0, -2, 1, '2018-09-28 17:38:37'),
(177, 0, -2, 1, '2018-09-28 17:38:38'),
(178, 0, -2, 1, '2018-09-28 17:38:39'),
(179, 0, -2, 1, '2018-09-28 17:38:40'),
(180, 0, -2, 1, '2018-09-28 17:38:42'),
(181, 0, -1, 0, '2018-09-28 17:38:43'),
(182, 0, -4, 1, '2018-09-28 23:56:26'),
(183, 0, -2, 1, '2018-09-28 23:56:30'),
(184, 0, -2, 1, '2018-09-28 23:56:31'),
(185, 0, -2, 1, '2018-09-28 23:56:33'),
(186, 0, -2, 1, '2018-09-28 23:56:34'),
(187, 0, -2, 1, '2018-09-28 23:56:36'),
(188, 0, -2, 1, '2018-09-28 23:56:38'),
(189, 0, -2, 1, '2018-09-28 23:56:40'),
(190, 0, -2, 1, '2018-09-28 23:56:41'),
(191, 0, -2, 1, '2018-09-28 23:56:43'),
(192, 0, 2, 0, '2018-09-28 23:56:44'),
(193, 0, -48, 0, '2018-09-28 23:56:46'),
(194, 0, -1, 1, '2018-09-28 23:56:53'),
(195, 0, -2, 1, '2018-09-28 23:56:55'),
(196, 0, -89, 1, '2018-09-28 23:56:56'),
(197, 0, -168, 0, '2018-09-28 23:57:04'),
(198, 0, -86, 0, '2018-09-28 23:57:11'),
(199, 0, -2, 1, '2018-09-28 23:57:20'),
(200, 0, 2, 0, '2018-09-28 23:57:25'),
(201, 0, -2, 1, '2018-09-28 23:57:26'),
(202, 0, -2, 1, '2018-09-28 23:57:28'),
(203, 0, -1, 0, '2018-09-28 23:57:29'),
(204, 0, -2, 1, '2018-09-28 23:57:31'),
(205, 0, 8, 0, '2018-09-28 23:57:33'),
(206, 0, -2, 1, '2018-09-28 23:57:43'),
(207, 0, -2, 1, '2018-09-28 23:57:45'),
(208, 0, -2, 1, '2018-09-28 23:57:46'),
(209, 0, -2, 1, '2018-09-28 23:57:47'),
(210, 0, -1, 1, '2018-09-28 23:57:48'),
(211, 0, -2, 1, '2018-09-28 23:57:50'),
(212, 0, -2, 1, '2018-09-28 23:57:51'),
(213, 0, -2, 1, '2018-09-28 23:57:54'),
(214, 0, -2, 1, '2018-09-28 23:57:55'),
(215, 0, -1, 1, '2018-09-28 23:57:56'),
(216, 0, -1, 1, '2018-09-28 23:57:57'),
(217, 0, -4, 0, '2018-09-29 00:07:17'),
(218, 0, 0, 0, '2018-09-29 00:08:03'),
(219, 0, -2, 0, '2018-09-29 00:08:05'),
(220, 0, -2, 0, '2018-09-29 00:09:06'),
(221, 0, 0, 0, '2018-09-29 02:05:13'),
(222, 0, -2, 1, '2018-09-29 02:05:14'),
(223, 0, -2, 1, '2018-09-29 02:05:16'),
(224, 0, -2, 1, '2018-09-29 02:05:17'),
(225, 0, -2, 1, '2018-09-29 02:05:19'),
(226, 0, -2, 1, '2018-09-29 02:05:20'),
(227, 0, -2, 1, '2018-09-29 02:05:22'),
(228, 0, -2, 1, '2018-09-29 02:05:23'),
(229, 0, -2, 1, '2018-09-29 02:05:24'),
(230, 0, -2, 1, '2018-09-29 02:05:26'),
(231, 0, 0, 0, '2018-09-29 02:05:27'),
(232, 0, -4, 1, '2018-09-29 02:05:28'),
(233, 0, -2, 1, '2018-09-29 02:05:37'),
(234, 0, -2, 1, '2018-09-29 02:05:39'),
(235, 0, -2, 1, '2018-09-29 02:05:41'),
(236, 0, -2, 1, '2018-09-29 02:05:42'),
(237, 0, -2, 1, '2018-09-29 02:05:43'),
(238, 0, -2, 1, '2018-09-29 02:05:44'),
(239, 0, -2, 1, '2018-09-29 02:05:46'),
(240, 0, -2, 1, '2018-09-29 02:05:47'),
(241, 0, -2, 1, '2018-09-29 02:05:48'),
(242, 0, -2, 1, '2018-09-29 02:05:50'),
(243, 0, -2, 1, '2018-09-29 02:05:51'),
(244, 0, 10, 0, '2018-09-29 02:05:52'),
(245, 0, -14, 0, '2018-09-29 02:06:02'),
(246, 0, -2, 1, '2018-09-29 02:06:11'),
(247, 0, -2, 1, '2018-09-29 02:06:13'),
(248, 0, -2, 1, '2018-09-29 02:06:15'),
(249, 0, -2, 1, '2018-09-29 02:06:17'),
(250, 0, -2, 1, '2018-09-29 02:06:18'),
(251, 0, -2, 1, '2018-09-29 02:06:19'),
(252, 0, -2, 1, '2018-09-29 02:06:21'),
(253, 0, -2, 1, '2018-09-29 02:06:22'),
(254, 0, -2, 1, '2018-09-29 02:06:23'),
(255, 0, -2, 1, '2018-09-29 02:06:25'),
(256, 0, -2, 1, '2018-09-29 02:06:26'),
(257, 0, -2, 1, '2018-09-29 02:06:27'),
(258, 0, -2, 1, '2018-09-29 02:06:29'),
(259, 0, -2, 1, '2018-09-29 02:06:30'),
(260, 0, -2, 1, '2018-09-29 02:06:31'),
(261, 0, -2, 1, '2018-09-29 02:06:33'),
(262, 0, -2, 1, '2018-09-29 02:06:34'),
(263, 0, -2, 1, '2018-09-29 02:06:35'),
(264, 0, -2, 1, '2018-09-29 02:06:36'),
(265, 0, -2, 1, '2018-09-29 02:06:38'),
(266, 0, -2, 1, '2018-09-29 02:06:39'),
(267, 0, -2, 1, '2018-09-29 02:06:40'),
(268, 0, -2, 1, '2018-09-29 02:06:42'),
(269, 0, -2, 1, '2018-09-29 02:06:43'),
(270, 0, -2, 1, '2018-09-29 02:06:45'),
(271, 0, -2, 1, '2018-09-29 02:06:46'),
(272, 0, -2, 1, '2018-09-29 02:06:47'),
(273, 0, -2, 1, '2018-09-29 02:06:48'),
(274, 0, -2, 1, '2018-09-29 02:06:50'),
(275, 0, -2, 1, '2018-09-29 02:06:51'),
(276, 0, -2, 1, '2018-09-29 02:06:52'),
(277, 0, -2, 1, '2018-09-29 02:06:54'),
(278, 0, -2, 1, '2018-09-29 02:06:55'),
(279, 0, -2, 1, '2018-09-29 02:06:56'),
(280, 0, -2, 1, '2018-09-29 02:06:57'),
(281, 0, -2, 1, '2018-09-29 02:06:59'),
(282, 0, -2, 1, '2018-09-29 02:07:00'),
(283, 0, -2, 1, '2018-09-29 02:07:01'),
(284, 0, -2, 1, '2018-09-29 02:07:03'),
(285, 0, -2, 1, '2018-09-29 02:07:04'),
(286, 0, -2, 1, '2018-09-29 02:07:06'),
(287, 0, -2, 1, '2018-09-29 02:07:08'),
(288, 0, -2, 1, '2018-09-29 02:07:09'),
(289, 0, -2, 1, '2018-09-29 02:07:10'),
(290, 0, -2, 1, '2018-09-29 02:07:11'),
(291, 0, -2, 1, '2018-09-29 02:07:13'),
(292, 0, -2, 1, '2018-09-29 02:07:14'),
(293, 0, -2, 1, '2018-09-29 02:07:15'),
(294, 0, -2, 1, '2018-09-29 02:07:17'),
(295, 0, -2, 1, '2018-09-29 02:07:18'),
(296, 0, -2, 1, '2018-09-29 02:07:19'),
(297, 0, -2, 1, '2018-09-29 02:07:21'),
(298, 0, -2, 1, '2018-09-29 02:07:22'),
(299, 0, -2, 1, '2018-09-29 02:07:24'),
(300, 0, -2, 1, '2018-09-29 02:07:25'),
(301, 0, -1, 1, '2018-09-29 02:07:27'),
(302, 0, -2, 1, '2018-09-29 02:07:28'),
(303, 0, -2, 1, '2018-09-29 02:07:29'),
(304, 0, -2, 1, '2018-09-29 02:07:31'),
(305, 0, -2, 1, '2018-09-29 02:07:32'),
(306, 0, -2, 1, '2018-09-29 02:07:33'),
(307, 0, -2, 1, '2018-09-29 02:07:35'),
(308, 0, -2, 1, '2018-09-29 02:07:36'),
(309, 0, -2, 1, '2018-09-29 02:07:37'),
(310, 0, -2, 1, '2018-09-29 02:07:38'),
(311, 0, -2, 1, '2018-09-29 02:07:40'),
(312, 0, -2, 1, '2018-09-29 02:07:42'),
(313, 0, -2, 1, '2018-09-29 02:07:43'),
(314, 0, -2, 1, '2018-09-29 02:07:44'),
(315, 0, -2, 1, '2018-09-29 02:07:46'),
(316, 0, -2, 1, '2018-09-29 02:07:47'),
(317, 0, -2, 1, '2018-09-29 02:07:48'),
(318, 0, -2, 1, '2018-09-29 02:07:50'),
(319, 0, -2, 1, '2018-09-29 02:07:51'),
(320, 0, -2, 1, '2018-09-29 02:07:52'),
(321, 0, -2, 1, '2018-09-29 02:07:54'),
(322, 0, -2, 1, '2018-09-29 02:07:55'),
(323, 0, -2, 1, '2018-09-29 02:07:57'),
(324, 0, -2, 1, '2018-09-29 02:07:58'),
(325, 0, -2, 1, '2018-09-29 02:07:59'),
(326, 0, -2, 1, '2018-09-29 02:08:00'),
(327, 0, -2, 1, '2018-09-29 02:08:02'),
(328, 0, -2, 1, '2018-09-29 02:08:03'),
(329, 0, -2, 1, '2018-09-29 02:08:04'),
(330, 0, -2, 1, '2018-09-29 02:08:06'),
(331, 0, -2, 1, '2018-09-29 02:08:07'),
(332, 0, -2, 1, '2018-09-29 02:08:08'),
(333, 0, -2, 1, '2018-09-29 02:08:10'),
(334, 0, -2, 1, '2018-09-29 02:08:11'),
(335, 0, -2, 1, '2018-09-29 02:08:12'),
(336, 0, -2, 1, '2018-09-29 02:08:14'),
(337, 0, -2, 1, '2018-09-29 02:08:15'),
(338, 0, -2, 1, '2018-09-29 02:08:16'),
(339, 0, -2, 1, '2018-09-29 02:08:17'),
(340, 0, -2, 1, '2018-09-29 02:08:19'),
(341, 0, -2, 1, '2018-09-29 02:08:20'),
(342, 0, -2, 1, '2018-09-29 02:08:21'),
(343, 0, -2, 1, '2018-09-29 02:08:22'),
(344, 0, -2, 1, '2018-09-29 02:08:24'),
(345, 0, -2, 1, '2018-09-29 02:08:25'),
(346, 0, -2, 1, '2018-09-29 02:08:27'),
(347, 0, -2, 1, '2018-09-29 02:08:28'),
(348, 0, -2, 1, '2018-09-29 02:08:29'),
(349, 0, -2, 1, '2018-09-29 02:08:30'),
(350, 0, -2, 1, '2018-09-29 02:08:32'),
(351, 0, -2, 1, '2018-09-29 02:08:33'),
(352, 0, -2, 1, '2018-09-29 02:08:34'),
(353, 0, -2, 1, '2018-09-29 02:08:35'),
(354, 0, -2, 1, '2018-09-29 02:08:37'),
(355, 0, -2, 1, '2018-09-29 02:08:38'),
(356, 0, -2, 1, '2018-09-29 02:08:39'),
(357, 0, -2, 1, '2018-09-29 02:08:41'),
(358, 0, -2, 1, '2018-09-29 02:08:42'),
(359, 0, -2, 1, '2018-09-29 02:08:43'),
(360, 0, -2, 1, '2018-09-29 02:08:44'),
(361, 0, -2, 1, '2018-09-29 02:08:46'),
(362, 0, -2, 1, '2018-09-29 02:08:47'),
(363, 0, -2, 1, '2018-09-29 02:08:48'),
(364, 0, -2, 1, '2018-09-29 02:08:50'),
(365, 0, -2, 1, '2018-09-29 02:08:51'),
(366, 0, -2, 1, '2018-09-29 02:08:52'),
(367, 0, -59, 0, '2018-09-29 02:08:53'),
(368, 0, -2, 1, '2018-09-29 02:09:03'),
(369, 0, -2, 1, '2018-09-29 02:09:04'),
(370, 0, -2, 1, '2018-09-29 02:09:06'),
(371, 0, -2, 1, '2018-09-29 02:09:07'),
(372, 0, -2, 1, '2018-09-29 02:09:08'),
(373, 0, -2, 1, '2018-09-29 02:09:09'),
(374, 0, -2, 1, '2018-09-29 02:09:11'),
(375, 0, -2, 1, '2018-09-29 02:09:12'),
(376, 0, -2, 1, '2018-09-29 02:09:13'),
(377, 0, -2, 1, '2018-09-29 02:09:14'),
(378, 0, -2, 1, '2018-09-29 02:09:16'),
(379, 0, -2, 1, '2018-09-29 02:09:18'),
(380, 0, -2, 1, '2018-09-29 02:09:19'),
(381, 0, -2, 1, '2018-09-29 02:09:20'),
(382, 0, -2, 1, '2018-09-29 02:09:21'),
(383, 0, -2, 1, '2018-09-29 02:09:23'),
(384, 0, -2, 1, '2018-09-29 02:09:24'),
(385, 0, -2, 1, '2018-09-29 02:09:25'),
(386, 0, -2, 1, '2018-09-29 02:09:27'),
(387, 0, -2, 1, '2018-09-29 02:09:28'),
(388, 0, -2, 1, '2018-09-29 02:09:29'),
(389, 0, -2, 1, '2018-09-29 02:09:31'),
(390, 0, -2, 1, '2018-09-29 02:09:32'),
(391, 0, -2, 1, '2018-09-29 02:09:33'),
(392, 0, -2, 1, '2018-09-29 02:09:35'),
(393, 0, -2, 1, '2018-09-29 02:09:36'),
(394, 0, -2, 1, '2018-09-29 02:09:37'),
(395, 0, -2, 1, '2018-09-29 02:09:38'),
(396, 0, -2, 1, '2018-09-29 02:09:40'),
(397, 0, -2, 1, '2018-09-29 02:09:41'),
(398, 0, -2, 1, '2018-09-29 02:09:43'),
(399, 0, -2, 1, '2018-09-29 02:09:45'),
(400, 0, -2, 1, '2018-09-29 02:09:46'),
(401, 0, -2, 1, '2018-09-29 02:09:47'),
(402, 0, -2, 1, '2018-09-29 02:09:49'),
(403, 0, -2, 1, '2018-09-29 02:09:50'),
(404, 0, -2, 1, '2018-09-29 02:09:52'),
(405, 0, -2, 1, '2018-09-29 02:09:54'),
(406, 0, -2, 1, '2018-09-29 02:09:55'),
(407, 0, -2, 1, '2018-09-29 02:09:56'),
(408, 0, -2, 1, '2018-09-29 02:09:58'),
(409, 0, -2, 1, '2018-09-29 02:09:59'),
(410, 0, -2, 1, '2018-09-29 02:10:00'),
(411, 0, -2, 1, '2018-09-29 02:10:02'),
(412, 0, -2, 1, '2018-09-29 02:10:03'),
(413, 0, -2, 1, '2018-09-29 02:10:04'),
(414, 0, -2, 1, '2018-09-29 02:10:06'),
(415, 0, -2, 1, '2018-09-29 02:10:07'),
(416, 0, -2, 1, '2018-09-29 02:10:08'),
(417, 0, -2, 1, '2018-09-29 02:10:10'),
(418, 0, -2, 1, '2018-09-29 02:10:11'),
(419, 0, -2, 1, '2018-09-29 02:10:12'),
(420, 0, -2, 1, '2018-09-29 02:10:13'),
(421, 0, -2, 1, '2018-09-29 02:10:15'),
(422, 0, -2, 1, '2018-09-29 02:10:17'),
(423, 0, -2, 1, '2018-09-29 02:10:19'),
(424, 0, -2, 1, '2018-09-29 02:10:20'),
(425, 0, -2, 1, '2018-09-29 02:10:21'),
(426, 0, -2, 1, '2018-09-29 02:10:23'),
(427, 0, -2, 1, '2018-09-29 02:10:24'),
(428, 0, -2, 1, '2018-09-29 02:10:26'),
(429, 0, -2, 1, '2018-09-29 02:10:27'),
(430, 0, -2, 1, '2018-09-29 02:10:28'),
(431, 0, -2, 1, '2018-09-29 02:10:30'),
(432, 0, -2, 1, '2018-09-29 02:10:31'),
(433, 0, -2, 1, '2018-09-29 02:10:32'),
(434, 0, -2, 1, '2018-09-29 02:10:33'),
(435, 0, -2, 1, '2018-09-29 02:10:35'),
(436, 0, -2, 1, '2018-09-29 02:10:36'),
(437, 0, -2, 1, '2018-09-29 02:10:38'),
(438, 0, -2, 1, '2018-09-29 02:10:39'),
(439, 0, -2, 1, '2018-09-29 02:10:40'),
(440, 0, -2, 1, '2018-09-29 02:10:42'),
(441, 0, -2, 1, '2018-09-29 02:10:43'),
(442, 0, -2, 1, '2018-09-29 02:10:44'),
(443, 0, -2, 1, '2018-09-29 02:10:45'),
(444, 0, -2, 1, '2018-09-29 02:10:47'),
(445, 0, -2, 1, '2018-09-29 02:10:48'),
(446, 0, -2, 1, '2018-09-29 02:10:49'),
(447, 0, -2, 1, '2018-09-29 02:10:51'),
(448, 0, -2, 1, '2018-09-29 02:10:52'),
(449, 0, -2, 1, '2018-09-29 02:10:53'),
(450, 0, -2, 1, '2018-09-29 02:10:54'),
(451, 0, -2, 1, '2018-09-29 02:10:56'),
(452, 0, -2, 1, '2018-09-29 02:10:58'),
(453, 0, -2, 1, '2018-09-29 02:10:59'),
(454, 0, -2, 1, '2018-09-29 02:11:00'),
(455, 0, -2, 1, '2018-09-29 02:11:01'),
(456, 0, -2, 1, '2018-09-29 02:11:03'),
(457, 0, -2, 1, '2018-09-29 02:11:04'),
(458, 0, -2, 1, '2018-09-29 02:11:05'),
(459, 0, -2, 1, '2018-09-29 02:11:06'),
(460, 0, -2, 1, '2018-09-29 02:11:08'),
(461, 0, -2, 1, '2018-09-29 02:11:09'),
(462, 0, -2, 1, '2018-09-29 02:11:11'),
(463, 0, -2, 1, '2018-09-29 02:11:12'),
(464, 0, -2, 1, '2018-09-29 02:11:13'),
(465, 0, -2, 1, '2018-09-29 02:11:15'),
(466, 0, -2, 1, '2018-09-29 02:11:16'),
(467, 0, -2, 1, '2018-09-29 02:11:17'),
(468, 0, -2, 1, '2018-09-29 02:11:19'),
(469, 0, -2, 1, '2018-09-29 02:11:20'),
(470, 0, -2, 1, '2018-09-29 02:11:22'),
(471, 0, -2, 1, '2018-09-29 02:11:23'),
(472, 0, -2, 1, '2018-09-29 02:11:25'),
(473, 0, -2, 1, '2018-09-29 02:11:27'),
(474, 0, -2, 1, '2018-09-29 02:11:28'),
(475, 0, -2, 1, '2018-09-29 02:11:30'),
(476, 0, -2, 1, '2018-09-29 02:11:31'),
(477, 0, -2, 1, '2018-09-29 02:11:33'),
(478, 0, -2, 1, '2018-09-29 02:11:34'),
(479, 0, -2, 1, '2018-09-29 02:11:35'),
(480, 0, -2, 1, '2018-09-29 02:11:37'),
(481, 0, -2, 1, '2018-09-29 02:11:39'),
(482, 0, -2, 1, '2018-09-29 02:11:40'),
(483, 0, -2, 1, '2018-09-29 02:11:42'),
(484, 0, -2, 1, '2018-09-29 02:11:43'),
(485, 0, -2, 1, '2018-09-29 02:11:44'),
(486, 0, -2, 1, '2018-09-29 02:11:46'),
(487, 0, -2, 1, '2018-09-29 02:11:47'),
(488, 0, -2, 1, '2018-09-29 02:11:48'),
(489, 0, -2, 1, '2018-09-29 02:11:50'),
(490, 0, -2, 1, '2018-09-29 02:11:51'),
(491, 0, -2, 1, '2018-09-29 02:11:52'),
(492, 0, -2, 1, '2018-09-29 02:11:53'),
(493, 0, -2, 1, '2018-09-29 02:11:55'),
(494, 0, -2, 1, '2018-09-29 02:11:56'),
(495, 0, -2, 1, '2018-09-29 02:11:57'),
(496, 0, -2, 1, '2018-09-29 02:11:58'),
(497, 0, -2, 1, '2018-09-29 02:12:00'),
(498, 0, -2, 1, '2018-09-29 02:12:01'),
(499, 0, -2, 1, '2018-09-29 02:12:02'),
(500, 0, -2, 1, '2018-09-29 02:12:03'),
(501, 0, -2, 1, '2018-09-29 02:12:05'),
(502, 0, -2, 1, '2018-09-29 02:12:06'),
(503, 0, -2, 1, '2018-09-29 02:12:07'),
(504, 0, -2, 1, '2018-09-29 02:12:09'),
(505, 0, -2, 1, '2018-09-29 02:12:10'),
(506, 0, -2, 1, '2018-09-29 02:12:11'),
(507, 0, -2, 1, '2018-09-29 02:12:13'),
(508, 0, -2, 1, '2018-09-29 02:12:14'),
(509, 0, -2, 1, '2018-09-29 02:12:15'),
(510, 0, -2, 1, '2018-09-29 02:12:17'),
(511, 0, -2, 1, '2018-09-29 02:12:18'),
(512, 0, -2, 1, '2018-09-29 02:12:20'),
(513, 0, -2, 1, '2018-09-29 02:12:22'),
(514, 0, -2, 1, '2018-09-29 02:12:24'),
(515, 0, -2, 1, '2018-09-29 02:12:25'),
(516, 0, -2, 1, '2018-09-29 02:12:27'),
(517, 0, -2, 1, '2018-09-29 02:12:28'),
(518, 0, -2, 1, '2018-09-29 02:12:29'),
(519, 0, -2, 1, '2018-09-29 02:12:30'),
(520, 0, -2, 1, '2018-09-29 02:12:32'),
(521, 0, -2, 1, '2018-09-29 02:12:33'),
(522, 0, -2, 1, '2018-09-29 02:12:34'),
(523, 0, -2, 1, '2018-09-29 02:12:35'),
(524, 0, -2, 1, '2018-09-29 02:12:37'),
(525, 0, -2, 1, '2018-09-29 02:12:38'),
(526, 0, -2, 1, '2018-09-29 02:12:40'),
(527, 0, -2, 1, '2018-09-29 02:12:41'),
(528, 0, -2, 1, '2018-09-29 02:12:42'),
(529, 0, -2, 1, '2018-09-29 02:12:44'),
(530, 0, -2, 1, '2018-09-29 02:12:45'),
(531, 0, -2, 1, '2018-09-29 02:12:46'),
(532, 0, -2, 1, '2018-09-29 02:12:48'),
(533, 0, -2, 1, '2018-09-29 02:12:49'),
(534, 0, -2, 1, '2018-09-29 02:12:50'),
(535, 0, -2, 1, '2018-09-29 02:12:51'),
(536, 0, -2, 1, '2018-09-29 02:12:52'),
(537, 0, -2, 1, '2018-09-29 02:12:54'),
(538, 0, -2, 1, '2018-09-29 02:12:55'),
(539, 0, -2, 1, '2018-09-29 02:12:56'),
(540, 0, -2, 1, '2018-09-29 02:12:58'),
(541, 0, -2, 1, '2018-09-29 02:12:59'),
(542, 0, -2, 1, '2018-09-29 02:13:00'),
(543, 0, -2, 1, '2018-09-29 02:13:01'),
(544, 0, -2, 1, '2018-09-29 02:13:03'),
(545, 0, -2, 1, '2018-09-29 02:13:04'),
(546, 0, -2, 1, '2018-09-29 02:13:06'),
(547, 0, -2, 1, '2018-09-29 02:13:07'),
(548, 0, -2, 1, '2018-09-29 02:13:08'),
(549, 0, -2, 1, '2018-09-29 02:13:10'),
(550, 0, -2, 1, '2018-09-29 02:13:11'),
(551, 0, -2, 1, '2018-09-29 02:13:12'),
(552, 0, -2, 1, '2018-09-29 02:13:14'),
(553, 0, -2, 1, '2018-09-29 02:13:15'),
(554, 0, -2, 1, '2018-09-29 02:13:16'),
(555, 0, -2, 1, '2018-09-29 02:13:17'),
(556, 0, -2, 1, '2018-09-29 02:13:19'),
(557, 0, -2, 1, '2018-09-29 02:13:20'),
(558, 0, -2, 1, '2018-09-29 02:13:21'),
(559, 0, -2, 1, '2018-09-29 02:13:22'),
(560, 0, -2, 1, '2018-09-29 02:13:24'),
(561, 0, -2, 1, '2018-09-29 02:13:25'),
(562, 0, -2, 1, '2018-09-29 02:13:26'),
(563, 0, -2, 1, '2018-09-29 02:13:28'),
(564, 0, -2, 1, '2018-09-29 02:13:29'),
(565, 0, -2, 1, '2018-09-29 02:13:30'),
(566, 0, -2, 1, '2018-09-29 02:13:32'),
(567, 0, -2, 1, '2018-09-29 02:13:33'),
(568, 0, -2, 1, '2018-09-29 02:13:34'),
(569, 0, -2, 1, '2018-09-29 02:13:36'),
(570, 0, -2, 1, '2018-09-29 02:13:38'),
(571, 0, -2, 1, '2018-09-29 02:13:39'),
(572, 0, -2, 1, '2018-09-29 02:13:40'),
(573, 0, -2, 1, '2018-09-29 02:13:42'),
(574, 0, -2, 1, '2018-09-29 02:13:43'),
(575, 0, -2, 1, '2018-09-29 02:13:44'),
(576, 0, -2, 1, '2018-09-29 02:13:46'),
(577, 0, -2, 1, '2018-09-29 02:13:47'),
(578, 0, -2, 1, '2018-09-29 02:13:49'),
(579, 0, -2, 1, '2018-09-29 02:13:50'),
(580, 0, -2, 1, '2018-09-29 02:13:51'),
(581, 0, -2, 1, '2018-09-29 02:13:53'),
(582, 0, -2, 1, '2018-09-29 02:13:54'),
(583, 0, -2, 1, '2018-09-29 02:13:56'),
(584, 0, -2, 1, '2018-09-29 02:13:57'),
(585, 0, -2, 1, '2018-09-29 02:13:58'),
(586, 0, -2, 1, '2018-09-29 02:14:00'),
(587, 0, -2, 1, '2018-09-29 02:14:01'),
(588, 0, -2, 1, '2018-09-29 02:14:02'),
(589, 0, -2, 1, '2018-09-29 02:14:04'),
(590, 0, -2, 1, '2018-09-29 02:14:05'),
(591, 0, -2, 1, '2018-09-29 02:14:06'),
(592, 0, -2, 1, '2018-09-29 02:14:07'),
(593, 0, -2, 1, '2018-09-29 02:14:09'),
(594, 0, -2, 1, '2018-09-29 02:14:10'),
(595, 0, -2, 1, '2018-09-29 02:14:11'),
(596, 0, -2, 1, '2018-09-29 02:14:12'),
(597, 0, -2, 1, '2018-09-29 02:14:14'),
(598, 0, -2, 1, '2018-09-29 02:14:15'),
(599, 0, -2, 1, '2018-09-29 02:14:16'),
(600, 0, -2, 1, '2018-09-29 02:14:18'),
(601, 0, -2, 1, '2018-09-29 02:14:19'),
(602, 0, -2, 1, '2018-09-29 02:14:20'),
(603, 0, -2, 1, '2018-09-29 02:14:22'),
(604, 0, -2, 1, '2018-09-29 02:14:23'),
(605, 0, -2, 1, '2018-09-29 02:14:25'),
(606, 0, -2, 1, '2018-09-29 02:14:26'),
(607, 0, -2, 1, '2018-09-29 02:14:27'),
(608, 0, -2, 1, '2018-09-29 02:14:29'),
(609, 0, -2, 1, '2018-09-29 02:14:30'),
(610, 0, -2, 1, '2018-09-29 02:14:32'),
(611, 0, -2, 1, '2018-09-29 02:14:33'),
(612, 0, -2, 1, '2018-09-29 02:14:34'),
(613, 0, -2, 1, '2018-09-29 02:14:36'),
(614, 0, -2, 1, '2018-09-29 02:14:37'),
(615, 0, -2, 1, '2018-09-29 02:14:38'),
(616, 0, -2, 1, '2018-09-29 02:14:40'),
(617, 0, -2, 1, '2018-09-29 02:14:41'),
(618, 0, -2, 1, '2018-09-29 02:14:43'),
(619, 0, -2, 1, '2018-09-29 02:14:44'),
(620, 0, -2, 1, '2018-09-29 02:14:45'),
(621, 0, -2, 1, '2018-09-29 02:14:46'),
(622, 0, -2, 1, '2018-09-29 02:14:48'),
(623, 0, -2, 1, '2018-09-29 02:14:49'),
(624, 0, -2, 1, '2018-09-29 02:14:50'),
(625, 0, -2, 1, '2018-09-29 02:14:51'),
(626, 0, -2, 1, '2018-09-29 02:14:53'),
(627, 0, -2, 1, '2018-09-29 02:14:54'),
(628, 0, -2, 1, '2018-09-29 02:14:56'),
(629, 0, -2, 1, '2018-09-29 02:14:57'),
(630, 0, -2, 1, '2018-09-29 02:14:58'),
(631, 0, -2, 1, '2018-09-29 02:15:00'),
(632, 0, -2, 1, '2018-09-29 02:15:01'),
(633, 0, -2, 1, '2018-09-29 02:15:02'),
(634, 0, -2, 1, '2018-09-29 02:15:04'),
(635, 0, -2, 1, '2018-09-29 02:15:05'),
(636, 0, -2, 1, '2018-09-29 02:15:06'),
(637, 0, -2, 1, '2018-09-29 02:15:08'),
(638, 0, -2, 1, '2018-09-29 02:15:09'),
(639, 0, -2, 1, '2018-09-29 02:15:10'),
(640, 0, -2, 1, '2018-09-29 02:15:11'),
(641, 0, -2, 1, '2018-09-29 02:15:13'),
(642, 0, -2, 1, '2018-09-29 02:15:14'),
(643, 0, -2, 1, '2018-09-29 02:15:16'),
(644, 0, -2, 1, '2018-09-29 02:15:17'),
(645, 0, -2, 1, '2018-09-29 02:15:18'),
(646, 0, -2, 1, '2018-09-29 02:15:19'),
(647, 0, -2, 1, '2018-09-29 02:15:21'),
(648, 0, -2, 1, '2018-09-29 02:15:22'),
(649, 0, -2, 1, '2018-09-29 02:15:23'),
(650, 0, -2, 1, '2018-09-29 02:15:25'),
(651, 0, -2, 1, '2018-09-29 02:15:26'),
(652, 0, -2, 1, '2018-09-29 02:15:27'),
(653, 0, -2, 1, '2018-09-29 02:15:29'),
(654, 0, -2, 1, '2018-09-29 02:15:32'),
(655, 0, -2, 1, '2018-09-29 02:15:33'),
(656, 0, -2, 1, '2018-09-29 02:15:35'),
(657, 0, -2, 1, '2018-09-29 02:15:36'),
(658, 0, -2, 1, '2018-09-29 02:15:37'),
(659, 0, -2, 1, '2018-09-29 02:15:39'),
(660, 0, -2, 1, '2018-09-29 02:15:40'),
(661, 0, -2, 1, '2018-09-29 02:15:41'),
(662, 0, -2, 1, '2018-09-29 02:15:43'),
(663, 0, -2, 1, '2018-09-29 02:15:44'),
(664, 0, -2, 1, '2018-09-29 02:15:45'),
(665, 0, -2, 1, '2018-09-29 02:15:46'),
(666, 0, -2, 1, '2018-09-29 02:15:48'),
(667, 0, -2, 1, '2018-09-29 02:15:49'),
(668, 0, -2, 1, '2018-09-29 02:15:50'),
(669, 0, -2, 1, '2018-09-29 02:15:52'),
(670, 0, -2, 1, '2018-09-29 02:15:53'),
(671, 0, -95, 1, '2018-09-29 02:15:54');

-- --------------------------------------------------------

--
-- Table structure for table `m_kabko`
--

CREATE TABLE `m_kabko` (
  `id` int(2) NOT NULL,
  `kode_kabko` varchar(4) NOT NULL,
  `kode_kabkolama` varchar(4) DEFAULT NULL,
  `kabko` varchar(50) NOT NULL,
  `alamat` varchar(50) DEFAULT NULL,
  `telepon_fax` varchar(25) DEFAULT NULL
) ENGINE=MyISAM DEFAULT CHARSET=latin1;

--
-- Dumping data for table `m_kabko`
--

INSERT INTO `m_kabko` (`id`, `kode_kabko`, `kode_kabkolama`, `kabko`, `alamat`, `telepon_fax`) VALUES
(1, '`', '1334', 'KAB. PACITAN', '', ''),
(2, '1302', '1333', 'KAB. PONOROGO', '', ''),
(3, '1303', '1328', 'KAB. TRENGGALEK', '', ''),
(4, '1304', '1326', 'KAB. TULUNGAGUNG', '', ''),
(5, '1305', '1324', 'KAB. LUMAJANG', '', ''),
(6, '1306', '1317', 'KAB. BONDOWOSO', '', ''),
(7, '1307', '1318', 'KAB. SITUBONDO', '', ''),
(8, '1308', '1323', 'KAB. PROBOLINGGO', '', ''),
(9, '1309', '1322', 'KAB. PASURUAN', '', ''),
(10, '1310', '1311', 'KAB. SIDOARJO', '', ''),
(11, '1311', '1310', 'KAB. MOJOKERTO', '', ''),
(12, '1312', '1312', 'KAB. JOMBANG', '', ''),
(13, '1313', '1327', 'KAB. N G A N J U K', '', ''),
(14, '1314', '1332', 'KAB. MAGETAN', '', ''),
(15, '1315', '1331', 'KAB. N G A W I', '', ''),
(16, '1316', '1335', 'KAB. BOJONEGORO', '', ''),
(17, '1317', '1336', 'KAB. T U B A N', '', ''),
(18, '1318', '1337', 'KAB. LAMONGAN', '', ''),
(19, '1319', '1309', 'KAB. GRESIK', '', ''),
(20, '1320', '1316', 'KAB. BANGKALAN', '', ''),
(21, '1321', '1313', 'KAB. SAMPANG', '', ''),
(22, '1322', '1314', 'KAB. PAMEKASAN', '', ''),
(23, '1323', '1315', 'KAB. SUMENEP', '', ''),
(24, '1324', '1307', 'KOTA KEDIRI', '', ''),
(25, '1325', '1303', 'KOTA MALANG', '', ''),
(26, '1326', '1305', 'KOTA PROBOLINGGO', '', ''),
(27, '1327', '1304', 'KOTA PASURUAN', '', ''),
(28, '1328', '1308', 'KOTA MADIUN', '', ''),
(29, '1329', '1301', 'KOTA SURABAYA', '', ''),
(30, '1330', '1319', 'KAB. BANYUWANGI', '', ''),
(31, '1331', '1329', 'KAB. B L I T A R', '', ''),
(32, '1332', '1320', 'KAB. J E M B E R', '', ''),
(33, '1333', '1325', 'KAB. K E D I R I', '', ''),
(34, '1334', '1330', 'KAB. M A D I U N', '', ''),
(35, '1335', '1321', 'KAB. M A L A N G', '', ''),
(36, '1336', '1338', 'KOTA B A T U', '', ''),
(37, '1337', '1306', 'KOTA BLITAR', '', ''),
(38, '1338', '1302', 'KOTA MOJOKERTO', '', '');

-- --------------------------------------------------------

--
-- Table structure for table `m_kodeklasifikasi`
--

CREATE TABLE `m_kodeklasifikasi` (
  `id` int(11) NOT NULL,
  `klasifikasi1` varchar(50) NOT NULL DEFAULT '0',
  `klasifikasi2` varchar(50) NOT NULL DEFAULT '0',
  `klasifikasi3` varchar(50) NOT NULL DEFAULT '0',
  `nama_klasifikasi` varchar(150) NOT NULL DEFAULT '0',
  `uraian_klasifikasi` varchar(255) NOT NULL DEFAULT '0'
) ENGINE=InnoDB DEFAULT CHARSET=latin1;

--
-- Dumping data for table `m_kodeklasifikasi`
--

INSERT INTO `m_kodeklasifikasi` (`id`, `klasifikasi1`, `klasifikasi2`, `klasifikasi3`, `nama_klasifikasi`, `uraian_klasifikasi`) VALUES
(1, 'Kp', 'Kp', 'Kp', 'Kp', 'Kp'),
(2, 'KU', 'KU', 'KU', 'KEUANGAN', ''),
(3, 'KU', 'KU.00', 'KU.00', 'RENCANA DAN PENYUSUNAN ANGGARAN', ''),
(4, 'KU', 'KU.00', 'KU.00.1', 'RENCANA ANGGARAN', ''),
(5, 'KU', 'KU.00', 'KU.00.2', 'PENYUSUNAN ANGGARAN', ''),
(6, 'KU', 'KU.00', 'KU.00.3', 'NON BUDGETER', ''),
(7, 'KU', 'KU.01', 'KU.01', 'BELANJA', ''),
(8, 'KU', 'KU.01', 'KU.01.1', 'SURAT PERMINTAAN PEMBAYARAN', ''),
(9, 'KU', 'KU.01', 'KU.01.2', 'SPJ', ''),
(10, 'KU', 'KU.02', 'KU.02', 'SPJ', ''),
(11, 'KU', 'KU.02', 'KU.02.1', 'SPJ APBN', ''),
(12, 'KU', 'KU.02', 'KU.02.2', 'SPJ NON BUDGETER', ''),
(13, 'KU', 'KU.03', 'KU.03', 'PENDAPATAN NEGARA', ''),
(14, 'KU', 'KU.03', 'KU.03.1', 'PAJAK', ''),
(15, 'KU', 'KU.03', 'KU.03.2', 'BUKAN PAJAK', ''),
(16, 'KU', 'KU.04', 'KU.04', 'PERBANKAN', ''),
(17, 'KU', 'KU.04', 'KU.04.1', 'VALUTA ASING/TRANSFER', ''),
(18, 'KU', 'KU.04', 'KU.04.2', 'SURAT-SURAT YANG BERKENAAN DENGAN SALDO REKENING KORAN YANG ADA PADA BANK', ''),
(19, 'KU', 'KU.05', 'KU.05', 'SUMBANGAN/BANTUAN', ''),
(20, 'KP', 'KP', 'KP', 'KEPEGAWAIAN', ''),
(21, 'KP', 'KP.00', 'KP.00', 'PENGADAAN', ''),
(22, 'KP', 'KP.00', 'KP.00.1', 'FORMASI', ''),
(23, 'KP', 'KP.00', 'KP.00.2', 'PENERIMAAN', ''),
(24, 'KP', 'KP.00', 'KP.00.3', 'PENGANGKATAN', ''),
(25, 'KP', 'KP.01', 'KP.01', 'TATA USAHA KEPEGAWAIAN', ''),
(26, 'KP', 'KP.01', 'KP.01.1', 'IZIN/DISPENSASI', ''),
(27, 'KP', 'KP.01', 'KP.01.2', 'KETERANGAN', ''),
(28, 'KP', 'KP.02', 'KP.02', 'PENDIDIKAN DAN PELATIHAN', ''),
(29, 'KP', 'KP.02', 'KP.02.1', 'DIKLAT PRAJABATAN', ''),
(30, 'KP', 'KP.02', 'KP.02.2', 'DIKLAT DALAM JABATAN', ''),
(31, 'KP', 'KP.02', 'KP.02.3', 'LATIHAN KHUSUS', ''),
(32, 'KP', 'KP.03', 'KP.03', 'KORPRI', ''),
(33, 'KP', 'KP.04', 'KP.04', 'PENILAIAN DAN HUKUMAN', ''),
(34, 'KP', 'KP.04', 'KP.04.1', 'PENILAIAN', ''),
(35, 'KP', 'KP.04', 'KP.04.2', 'HUKUMAN', ''),
(36, 'KP', 'KP.05', 'KP.05', 'SCREENING', ''),
(37, 'KP', 'KP.06', 'KP.06', 'PEMBINAAN MENTAL', ''),
(38, 'KP', 'KP.07', 'KP.07', 'MUTASI', ''),
(39, 'KP', 'KP.07', 'KP.07.1', 'KEPANGKATAN', ''),
(40, 'KP', 'KP.07', 'KP.07.2', 'KENAIKAN GAJI BERKALA', ''),
(41, 'KP', 'KP.07', 'KP.07.3', 'PENYESUAIAN MASA KERJA', ''),
(42, 'KP', 'KP.07', 'KP.07.4', 'PENYESUAIAN TUNJANGAN KELUARGA', ''),
(43, 'KP', 'KP.07', 'KP.07.5', 'ALIH TUGAS', ''),
(44, 'KP', 'KP.07', 'KP.07.6', 'JABATAN STRUKTURAL/FUNGSIONAL', ''),
(45, 'KP', 'KP.08', 'KP.08', 'KESEJAHTERAAN', ''),
(46, 'KP', 'KP.08', 'KP.08.1', 'KESEHATAN', ''),
(47, 'KP', 'KP.08', 'KP.08.2', 'CUTI', ''),
(48, 'KP', 'KP.08', 'KP.08.3', 'REKREASI', ''),
(49, 'KP', 'KP.08', 'KP.08.4', 'BANTUAN/SANTUNAN SOSIAL', ''),
(50, 'KP', 'KP.08', 'KP.08.5', 'KOPERASI', ''),
(51, 'KP', 'KP.08', 'KP.08.6', 'PERUMAHAN', ''),
(52, 'KP', 'KP.08', 'KP.08.7', 'ANTAR JEMPUT/TRANSPORTASI', ''),
(53, 'KP', 'KP.08', 'KP.08.8', 'PENGHARGAAN', ''),
(54, 'KP', 'KP.09', 'KP.09', 'PEMUTUSAN HUBUNGAN KERJA', ''),
(55, 'OT', 'OT', 'OT', 'ORGANISASI DAN TATALAKSANA', ''),
(56, 'OT', 'OT.00', 'OT.00', 'ORGANISASI', ''),
(57, 'OT', 'OT.01', 'OT.01', 'TATALAKSANA', ''),
(58, 'OT', 'OT.01', 'OT.01.1', 'PERENCANAAN', ''),
(59, 'OT', 'OT.01', 'OT.01.2', 'LAPORAN', ''),
(60, 'OT', 'OT.01', 'OT.01.3', 'PENYUSUNAN PROSEDUR KERJA', ''),
(61, 'OT', 'OT.01', 'OT.01.4', 'PELAYANAN MASYARAKAT', ''),
(62, 'HK', 'HK', 'HK', 'HUKUM', ''),
(63, 'HK', 'HK.00', 'HK.00', 'PERATURAN PERUNDANG-UNDANGAN', ''),
(64, 'HK', 'HK.00', 'HK.00.1', 'UNDANG-UNDANG TERMASUK PERPU', ''),
(65, 'HK', 'HK.00', 'HK.00.2', 'PERATURAN PEMERINTAH', ''),
(66, 'HK', 'HK.00', 'HK.00.3', 'KEPUTUSAN PRESIDEN, INSTRUKSI PRESIDEN', ''),
(67, 'HK', 'HK.00', 'HK.00.4', 'PERATURAN MENTERI, INSTRUKSI MENTERI', ''),
(68, 'HK', 'HK.00', 'HK.00.5', 'KEPUTUSAN MENTERI, PIMPINAN UNIT ESELON I', ''),
(69, 'HK', 'HK.00', 'HK.00.6', 'SKB MENTERI-MENTERI, PIMPINAN UNIT ESELON I/II', ''),
(70, 'HK', 'HK.00', 'HK.00.7', 'EDARAN MENTERI/PIMPINAN UNIT ESELON I/II', ''),
(71, 'HK', 'HK.00', 'HK.00.8', 'PERATURAN KANTOR WILAYAH KEMENTERIAN AGAMA PROVINSI DAN KEMENTERIAN AGAMA KABUPATEN/KOTA', ''),
(72, 'HK', 'HK.00', 'HK.00.9', 'PERATURAN PEMDA Tk.I/PEMDA Tk.II', ''),
(73, 'HK', 'HK.01', 'HK.01', 'PIDANA', ''),
(74, 'HK', 'HK.01', 'HK.01.1', 'PENCURIAN', ''),
(75, 'HK', 'HK.01', 'HK.01.2', 'KORUPSI', ''),
(76, 'HK', 'HK.02', 'HK.02', 'PERDATA', ''),
(77, 'HK', 'HK.02', 'HK.02.1', 'PERIKATAN', ''),
(78, 'HK', 'HK.03', 'HK.03', 'HUKUM AGAMA', ''),
(79, 'HK', 'HK.03', 'HK.03.1', 'FATWA', ''),
(80, 'HK', 'HK.03', 'HK.03.2', 'RUKYAT/HISAB', ''),
(81, 'HK', 'HK.03', 'HK.03.3', 'HARI BESAR AGAMA', ''),
(82, 'HK', 'HK.04', 'HK.04', 'BANTUAN HUKUM', ''),
(83, 'HK', 'HK.04', 'HK.04.1', 'KASUS HUKUM PIDANA', ''),
(84, 'HK', 'HK.04', 'HK.04.2', 'KASUS HUKUM PERDATA', ''),
(85, 'HK', 'HK.04', 'HK.04.3', 'KASUS HUKUM TATA USAHA NEGARA (TUN)', ''),
(86, 'HK', 'HK.04', 'HK.04.4', 'PENELAAHAN HUKUM', ''),
(87, 'HM', 'HM', 'HM', 'KEHUMASAN', ''),
(88, 'HM', 'HM.00', 'HM.00', 'PENERANGAN', ''),
(89, 'HM', 'HM.01', 'HM.01', 'HUBUNGAN', ''),
(90, 'HM', 'HM.02', 'HM.02', 'DOKUMENTASI DAN KEPUSTAKAAN', ''),
(91, 'HM', 'HM.02', 'HM.02.1', 'DOKUMENTASI', ''),
(92, 'HM', 'HM.02', 'HM.02.2', 'KEPUSTAKAAN', ''),
(93, 'HM', 'HM.02', 'HM.02.3', 'KEPROTOKOLAN', ''),
(94, 'KS ', 'KS ', 'KS ', 'KESEKRETARIATAN', ''),
(95, 'KS ', 'KS.00', 'KS.00', 'KERUMAHTANGGAAN', ''),
(96, 'KS ', 'KS.01', 'KS.01', 'PERLENGKAPAN', ''),
(97, 'KS ', 'KS.01', 'KS.01.1', 'GEDUNG', ''),
(98, 'KS ', 'KS.01', 'KS.01.2', 'ALAT KANTOR', ''),
(99, 'KS ', 'KS.01', 'KS.01.3', 'MESIN KANTOR/ALAT-ALAT ELEKTRONIK', ''),
(100, 'KS ', 'KS.01', 'KS.01.4', 'PERABOT KANTOR', ''),
(101, 'KS ', 'KS.01', 'KS.01.5', 'KENDARAAN', ''),
(102, 'KS ', 'KS.01', 'KS.01.6', 'INVENTARIS PERLENGKAPAN', ''),
(103, 'KS ', 'KS.01', 'KS.01.7', 'PENAWARAN UMUM', ''),
(104, 'KS ', 'KS.02', 'KS.02', 'KETATAUSAHAAN', ''),
(105, 'TL', 'TL', 'TL', 'PENELITIAN', ''),
(106, 'TL', 'TL.00', 'TL.00', 'PENELITIAN PENDIDIKAN', ''),
(107, 'TL', 'TL.01', 'TL.01', 'PENELITIAN KEAGAMAAN', ''),
(108, 'TL', 'TL.02', 'TL.02', 'PENELITIAN LEKTUR AGAMA', ''),
(109, 'TL', 'TL.02', 'TL.02.1', 'SURAT-SURAT YANG BERHUBUNGAN DENGAN PENELITIAN ATAS PENERBITAN, IMPORT DAN PENYEBARAN KITAB-KITAB SUCI AGAMA', ''),
(110, 'TL', 'TL.02', 'TL.02.2', 'PENELITIAN BUKU-BUKU AGAMA', ''),
(111, 'TL', 'TL.03', 'TL.03', 'PENGEMBANGAN PENELITIAN', ''),
(112, 'PS', 'PS', 'PS', 'PENGAWASAN', ''),
(113, 'PS', 'PS.00', 'PS.00', 'ADMINISTRASI UMUM', ''),
(114, 'PS', 'PS.01', 'PS.01', 'TUGAS UMUM', ''),
(115, 'PS', 'PS.02', 'PS.02', 'PROYEK PEMBANGUNAN', ''),
(116, 'PS', 'PS.02', 'PS.02.1', 'FISIK', ''),
(117, 'PS', 'PS.02', 'PS.02.2', 'NON FISIK', ''),
(118, 'PS', 'PS.03', 'PS.03', 'PENGAWASN EKSTERNAL', ''),
(119, 'PS', 'PS.03', 'PS.03.1', 'BPK RI', ''),
(120, 'PS', 'PS.03', 'PS.03.2', 'BADAN PENGAWASAN KEUANGAN DAN PEMBANGUNAN (BPKP)', ''),
(121, 'PS', 'PS.03', 'PS.03.3', 'PENGADUAN MASYARAKAT', ''),
(122, '1.4', '1.4', '1.4', 'PENGADUAN MASYARAKAT (NON TAPI 5000)', ''),
(123, 'PW', 'PW', 'PW', 'PERKAWINAN', ''),
(124, 'PW', 'PW.00', 'PW.00', 'PENYULUHAN', ''),
(125, 'PW', 'PW.01', 'PW.01', 'PERKAWINAN', ''),
(126, 'PW', 'PW.02', 'PW.02', 'CAMPURAN', ''),
(127, 'HJ', 'HJ', 'HJ', 'HAJI', ''),
(128, 'HJ', 'HJ.00', 'HJ.00', 'CALON HAJI', ''),
(129, 'HJ', 'HJ.01', 'HJ.01', 'BIMBINGAN', ''),
(130, 'HJ', 'HJ.02', 'HJ.02', 'PETUGAS HAJI', ''),
(131, 'HJ', 'HJ.03', 'HJ.03', 'ONGKOS NAIK HAJI', ''),
(132, 'HJ', 'HJ.04', 'HJ.04', 'JEMAAH HAJI', ''),
(133, 'HJ', 'HJ.05', 'HJ.05', 'ANGKUTAN', ''),
(134, 'HJ', 'HJ.06', 'HJ.06', 'PENGASRAMAAN', ''),
(135, 'HJ', 'HJ.07', 'HJ.07', 'PEMBEKALAN', ''),
(136, 'HJ', 'HJ.08', 'HJ.08', 'DISPENSASI/REKOMENDASI KHUSUS', ''),
(137, 'HJ', 'HJ.09', 'HJ.09', 'UMROH', ''),
(138, 'BA', 'BA', 'BA', 'PEMBINAAN AGAMA', ''),
(139, 'BA', 'BA.00', 'BA.00', 'PENYULUHAN', ''),
(140, 'BA', 'BA.01', 'BA.01', 'BIMBINGAN', ''),
(141, 'BA', 'BA.01', 'BA.01.1', 'LEMBAGA KEAGAMAAN', ''),
(142, 'BA', 'BA.01', 'BA.01.2', 'ALIRAN KEROHANIAN/KEAGAMAAN', ''),
(143, 'BA', 'BA.02', 'BA.02', 'KERUKUNAN HIDUP BERAGAMA', ''),
(144, 'BA', 'BA.03', 'BA.03', 'IBADAH DAN IBADAH SOSIAL', ''),
(145, 'BA', 'BA.03', 'BA.03.1', 'IBADAH', ''),
(146, 'BA', 'BA.03', 'BA.03.2', 'IBADAH SOSIAL', ''),
(147, 'BA', 'BA.04', 'BA.04', 'PENGEMBANGAN KEAGAMAAN', ''),
(148, 'BA', 'BA.05', 'BA.05', 'ROHANIAWAN', ''),
(149, 'PP', 'PP', 'PP', 'PENDIDIKAN DAN PENGAJARAN', ''),
(150, 'PP', 'PP.00', 'PP.00', 'KURIKULUM, TENAGA EDUKATIF DAN SARANA', ''),
(151, 'PP', 'PP.00', 'PP.00.1', 'SEKOLAH UMUM TINGKAT TAMAN KANAK-KANAK DAN SEKOLAH DASAR (TK DAN SD)', ''),
(152, 'PP', 'PP.00', 'PP.00.2', 'SEKOLAH LANJUTAN TINGKAT PERTAMA (SLTP)', ''),
(153, 'PP', 'PP.00', 'PP.00.3', 'SEKOLAH LANJUTAN TINGKAT ATAS (SLTA)', ''),
(154, 'PP', 'PP.00', 'PP.00.4', 'RAUDLATUL ATHFAL DAN MADRASAH IBTIDAIYAH', ''),
(155, 'PP', 'PP.00', 'PP.00.5', 'MADRASAH TSANAWIYAH', ''),
(156, 'PP', 'PP.00', 'PP.00.6', 'MADRASAH ALIYAH', ''),
(157, 'PP', 'PP.00', 'PP.00.7', 'PONDOK PESANTREN', ''),
(158, 'PP', 'PP.00', 'PP.00.8', 'MADRASAH DINIYAH', ''),
(159, 'PP', 'PP.00', 'PP.00.9', 'PERGURUAN TINGGI AGAMA', ''),
(160, 'PP', 'PP.00', 'PP.00.10', 'PERGURUAN TINGGI UMUM', ''),
(161, 'PP', 'PP.00', 'PP.00.11', 'PENGEMBANGAN PENDIDIKAN', ''),
(162, 'PP', 'PP.01', 'PP.01', 'EVALUASI DAN IJAZAH', ''),
(163, 'PP', 'PP.01', 'PP.01.1', 'PENDIDIKAN AGAMA', ''),
(164, 'PP', 'PP.01', 'PP.01.2', 'PENDIDIKAN UMUM', ''),
(165, 'PP', 'PP.02', 'PP.02', 'KEPENILIKAN, KEPENGAWASAN DAN PEMBINAAN', ''),
(166, 'PP', 'PP.02', 'PP.02.1', 'KEPENILIKAN', ''),
(167, 'PP', 'PP.02', 'PP.02.2', 'KEPENGAWASAN', ''),
(168, 'PP', 'PP.02', 'PP.02.3', 'PEMBINAAN', ''),
(169, 'PP', 'PP.03', 'PP.03.1', 'KELEMBAGAAN', ''),
(170, 'PP', 'PP.03', 'PP.03.2', 'ORGANISASI', ''),
(171, 'PP', 'PP.03', 'PP.03.3', 'PENGEMBANGAN', ''),
(172, 'PP', 'PP.04', 'PP.04', 'BEASISWA', ''),
(173, 'PP', 'PP.05', 'PP.05', 'SUMBANGAN', ''),
(174, 'PP', 'PP.06', 'PP.06', 'PENGABDIAN', ''),
(175, 'PP', 'PP.07', 'PP.07', 'PERIZINAN', ''),
(1001, 'a', 'aa', 'aaa', 'aaa', '0');

-- --------------------------------------------------------

--
-- Table structure for table `m_man`
--

CREATE TABLE `m_man` (
  `id` int(11) NOT NULL,
  `id_kabko` int(5) NOT NULL DEFAULT '0',
  `nsm` varchar(11) NOT NULL DEFAULT '0',
  `nama_man` varchar(100) NOT NULL DEFAULT '0'
) ENGINE=InnoDB DEFAULT CHARSET=latin1;

--
-- Dumping data for table `m_man`
--

INSERT INTO `m_man` (`id`, `id_kabko`, `nsm`, `nama_man`) VALUES
(1, 1, '0', 'MAN Pacitan'),
(2, 2, '0', 'MAN 1 Ponorogo'),
(3, 0, '0', 'MAN 2 Ponorogo'),
(4, 0, '0', 'MAN 1 Trenggalek'),
(5, 0, '0', 'MAN 2 Trenggalek'),
(6, 0, '0', 'MAN 1 Tulungagung'),
(7, 0, '0', 'MAN 2 Tulungagung'),
(8, 0, '0', 'MAN 3 Tulungagung'),
(9, 0, '0', 'MAN Lumajang'),
(10, 0, '0', 'MAN Bondowoso'),
(11, 0, '0', 'MAN 1 Situbondo'),
(12, 0, '0', 'MAN 2 Situbondo'),
(13, 0, '0', 'MAN 1 Probolinggo'),
(14, 0, '0', 'MAN 2 Probolinggo'),
(15, 0, '0', 'MAN 1 Pasuruan'),
(16, 0, '0', 'MAN 2 Pasuruan'),
(17, 0, '0', 'MAN Sidoarjo'),
(18, 0, '0', 'MAN 1 Mojokerto'),
(19, 0, '0', 'MAN 2 Mojokerto'),
(20, 0, '0', 'MAN 1 Jombang'),
(21, 0, '0', 'MAN 2 Jombang'),
(22, 0, '0', 'MAN 3 Jombang'),
(23, 0, '0', 'MAN 4 Jombang'),
(24, 0, '0', 'MAN 5 Jombang'),
(25, 0, '0', 'MAN 6 Jombang'),
(26, 0, '0', 'MAN 7 Jombang'),
(27, 0, '0', 'MAN 8 Jombang'),
(28, 0, '0', 'MAN 9 Jombang'),
(29, 0, '0', 'MAN 10 Jombang'),
(30, 0, '0', 'MAN 1 Nganjuk'),
(31, 0, '0', 'MAN 2 Nganjuk'),
(32, 0, '0', 'MAN 3 Nganjuk'),
(33, 0, '0', 'MAN 1 Magetan'),
(34, 0, '0', 'MAN 2 Magetan'),
(35, 0, '0', 'MAN 3 Magetan'),
(36, 0, '0', 'MAN 1 Ngawi'),
(37, 0, '0', 'MAN 2 Ngawi'),
(38, 0, '0', 'MAN 3 Ngawi'),
(39, 0, '0', 'MAN 4 Ngawi'),
(40, 0, '0', 'MAN 1 Bojonegoro'),
(41, 0, '0', 'MAN 2 Bojonegoro'),
(42, 0, '0', 'MAN 3 Bojonegoro'),
(43, 0, '0', 'MAN 4 Bojonegoro'),
(44, 0, '0', 'MAN 5 Bojonegoro'),
(45, 0, '0', 'MAN 1 Tuban'),
(46, 0, '0', 'MAN 2 Tuban'),
(47, 0, '0', 'MAN 1 Lamongan'),
(48, 0, '0', 'MAN 2 Lamongan'),
(49, 0, '0', 'MAN 1 Gresik'),
(50, 0, '0', 'MAN 2 Gresik'),
(51, 0, '0', 'MAN Bangkalan'),
(52, 0, '0', 'MAN Sampang'),
(53, 0, '0', 'MAN 1 Pamekasan'),
(54, 0, '0', 'MAN 2 Pamekasan'),
(55, 0, '0', 'MAN Sumenep'),
(56, 0, '0', 'MAN 1 Kota Kediri'),
(57, 0, '0', 'MAN 2 Kota Kediri'),
(58, 0, '0', 'MAN 1 Kota Malang'),
(59, 0, '0', 'MAN 2 Kota Malang'),
(60, 0, '0', 'MAN 1 Kota Probolinggo'),
(61, 0, '0', 'MAN 2 Kota Probolinggo'),
(62, 0, '0', 'MAN Kota Pasuruan'),
(63, 0, '0', 'MAN 1 Kota Madiun'),
(64, 0, '0', 'MAN 2 Kota Madiun'),
(65, 0, '0', 'MAN Kota Surabaya'),
(66, 0, '0', 'MAN 1 Banyuwangi'),
(67, 0, '0', 'MAN 2 Banyuwangi'),
(68, 0, '0', 'MAN 3 Banyuwangi'),
(69, 0, '0', 'MAN 4 Banyuwangi'),
(70, 0, '0', 'MAN 1 Blitar'),
(71, 0, '0', 'MAN 2 Blitar'),
(72, 0, '0', 'MAN 3 Blitar'),
(73, 0, '0', 'MAN 1 Jember'),
(74, 0, '0', 'MAN 2 Jember'),
(75, 0, '0', 'MAN 3 Jember'),
(76, 0, '0', 'MAN 1 Kediri'),
(77, 0, '0', 'MAN 2 Kediri'),
(78, 0, '0', 'MAN 3 Kediri'),
(79, 0, '0', 'MAN 4 Kediri'),
(80, 0, '0', 'MAN 5 Kediri'),
(81, 0, '0', 'MAN 1 Madiun'),
(82, 0, '0', 'MAN 2 Madiun'),
(83, 0, '0', 'MAN 3 Madiun'),
(84, 0, '0', 'MAN 4 Madiun'),
(85, 0, '0', 'MAN 1 Malang'),
(86, 0, '0', 'MAN 2 Malang'),
(87, 0, '0', 'MAN 3 Malang'),
(88, 0, '0', 'MAN Kota Batu'),
(89, 0, '0', 'MAN Kota Blitar'),
(90, 0, '0', 'MAN Kota Mojokerto');

-- --------------------------------------------------------

--
-- Table structure for table `pengumuman`
--

CREATE TABLE `pengumuman` (
  `id` int(11) NOT NULL,
  `username` varchar(50) NOT NULL DEFAULT '0',
  `name` varchar(100) NOT NULL DEFAULT '0',
  `perihal` varchar(100) NOT NULL DEFAULT '0',
  `isi` varchar(500) NOT NULL DEFAULT '0',
  `file_pengumuman` varchar(100) NOT NULL DEFAULT '0',
  `date` datetime NOT NULL DEFAULT '0000-00-00 00:00:00'
) ENGINE=InnoDB DEFAULT CHARSET=latin1;

--
-- Dumping data for table `pengumuman`
--

INSERT INTO `pengumuman` (`id`, `username`, `name`, `perihal`, `isi`, `file_pengumuman`, `date`) VALUES
(1, 'adminkabko', 'Adminnya KabKo', 'Tutorial', 'Tutorial Aplikasi Surat Kab.Tuban', '14b26-materi-tuban.pdf', '2018-05-13 14:26:54');

-- --------------------------------------------------------

--
-- Table structure for table `ref_asalsurat`
--

CREATE TABLE `ref_asalsurat` (
  `id` int(11) NOT NULL,
  `asal_surat` varchar(50) NOT NULL DEFAULT '0'
) ENGINE=InnoDB DEFAULT CHARSET=latin1;

--
-- Dumping data for table `ref_asalsurat`
--

INSERT INTO `ref_asalsurat` (`id`, `asal_surat`) VALUES
(1, 'Kabko'),
(2, 'MAN'),
(3, 'lain-lain');

-- --------------------------------------------------------

--
-- Table structure for table `ref_bidang`
--

CREATE TABLE `ref_bidang` (
  `id` int(11) NOT NULL,
  `kode_suratbidang` varchar(15) NOT NULL DEFAULT '0',
  `kode_bidangcek` varchar(50) NOT NULL DEFAULT '0',
  `nama_bidang` varchar(100) NOT NULL DEFAULT '0'
) ENGINE=InnoDB DEFAULT CHARSET=latin1;

--
-- Dumping data for table `ref_bidang`
--

INSERT INTO `ref_bidang` (`id`, `kode_suratbidang`, `kode_bidangcek`, `nama_bidang`) VALUES
(1, 'Kw.13.1/', 'TU', 'Tata Usaha'),
(2, 'Kw.13.2/', 'pendma', 'Pendidikan Madrasah'),
(3, 'Kw.13.3/', 'pontren', 'Pendidikan Diniyah dan Pondok Pesantren'),
(4, 'Kw.13.4/', 'pais', 'Pendidikan Agama Islam'),
(5, 'Kw.13.5/', 'phu', 'Penyelenggaraan Haji dan Umroh'),
(6, 'Kw.13.6/', 'urais', 'Urusan Agama Islam'),
(7, 'Kw.13.7/', 'penais', 'Penerangan Agama Islam dan Zakat Wakaf'),
(8, 'Kw.13.8/', 'kristen', 'Pembimas Kristen'),
(9, 'Kw.13.9/', 'katolik', 'Pembimas Katolik'),
(10, 'Kw.13.10/', 'hindu', 'Pembimas Hindu'),
(11, 'Kw.13.11/', 'buddha', 'Pembimas Buddha'),
(12, '-', 'kakanwil', 'Kakanwil'),
(1301, '-', 'KAB. PACITAN', 'KAB. PACITAN'),
(1302, '-', 'KAB. PONOROGO', 'KAB. PONOROGO'),
(1303, '-', 'KAB. TRENGGALEK', 'KAB. TRENGGALEK'),
(1304, '-', 'KAB. TULUNGAGUNG', 'KAB. TULUNGAGUNG'),
(1305, '-', 'KAB. LUMAJANG', 'KAB. LUMAJANG'),
(1306, '-', 'KAB. BONDOWOSO', 'KAB. BONDOWOSO'),
(1307, '-', 'KAB. SITUBONDO', 'KAB. SITUBONDO'),
(1308, '-', 'KAB. PROBOLINGGO', 'KAB. PROBOLINGGO'),
(1309, '-', 'KAB. PASURUAN', 'KAB. PASURUAN'),
(1310, '-', 'KAB. SIDOARJO', 'KAB. SIDOARJO'),
(1311, '-', 'KAB. MOJOKERTO', 'KAB. MOJOKERTO'),
(1312, '-', 'KAB. JOMBANG', 'KAB. JOMBANG'),
(1313, '-', 'KAB. N G A N J U K', 'KAB. N G A N J U K'),
(1314, '-', 'KAB. MAGETAN', 'KAB. MAGETAN'),
(1315, '-', 'KAB. N G A W I', 'KAB. N G A W I'),
(1316, '-', 'KAB. BOJONEGORO', 'KAB. BOJONEGORO'),
(1317, '-', 'KAB. T U B A N', 'KAB. T U B A N'),
(1318, '-', 'KAB. LAMONGAN', 'KAB. LAMONGAN'),
(1319, '-', 'KAB. GRESIK', 'KAB. GRESIK'),
(1320, '-', 'KAB. BANGKALAN', 'KAB. BANGKALAN'),
(1321, '-', 'KAB. SAMPANG', 'KAB. SAMPANG'),
(1322, '-', 'KAB. PAMEKASAN', 'KAB. PAMEKASAN'),
(1323, '-', 'KAB. SUMENEP', 'KAB. SUMENEP'),
(1324, '-', 'KOTA KEDIRI', 'KOTA KEDIRI'),
(1325, '-', 'KOTA MALANG', 'KOTA MALANG'),
(1326, '-', 'KOTA PROBOLINGGO', 'KOTA PROBOLINGGO'),
(1327, '-', 'KOTA PASURUAN', 'KOTA PASURUAN'),
(1328, '-', 'KOTA MADIUN', 'KOTA MADIUN'),
(1329, '-', 'KOTA SURABAYA', 'KOTA SURABAYA'),
(1330, '-', 'KAB. BANYUWANGI', 'KAB. BANYUWANGI'),
(1331, '-', 'KAB. B L I T A R', 'KAB. B L I T A R'),
(1332, '-', 'KAB. J E M B E R', 'KAB. J E M B E R'),
(1333, '-', 'KAB. K E D I R I', 'KAB. K E D I R I'),
(1334, '-', 'KAB. M A D I U N', 'KAB. M A D I U N'),
(1335, '-', 'KAB. M A L A N G', 'KAB. M A L A N G'),
(1336, '-', 'KOTA B A T U', 'KOTA B A T U'),
(1337, '-', 'KOTA BLITAR', 'KOTA BLITAR'),
(1338, '-', 'KOTA MOJOKERTO', 'KOTA MOJOKERTO');

-- --------------------------------------------------------

--
-- Table structure for table `ref_jabatan`
--

CREATE TABLE `ref_jabatan` (
  `id` int(11) NOT NULL,
  `jabatan` varchar(50) NOT NULL DEFAULT '0'
) ENGINE=InnoDB DEFAULT CHARSET=latin1;

--
-- Dumping data for table `ref_jabatan`
--

INSERT INTO `ref_jabatan` (`id`, `jabatan`) VALUES
(1001, 'Kepala Kantor'),
(1002, 'Kasi/kasubag'),
(1003, 'Pelaksana');

-- --------------------------------------------------------

--
-- Table structure for table `ref_jenissurat`
--

CREATE TABLE `ref_jenissurat` (
  `id` int(11) NOT NULL,
  `buku` int(11) DEFAULT '0',
  `id_bidang` int(11) DEFAULT '0',
  `jenissurat` varchar(50) DEFAULT '0'
) ENGINE=InnoDB DEFAULT CHARSET=latin1;

--
-- Dumping data for table `ref_jenissurat`
--

INSERT INTO `ref_jenissurat` (`id`, `buku`, `id_bidang`, `jenissurat`) VALUES
(1, 1, 0, 'B'),
(2, 1, 0, 'Surat Pengantar'),
(3, 2, 0, 'Naskah Dinas Khusus'),
(4, 3, 0, 'Surat Tugas'),
(5, 4, 1, 'Nota Dinas TU'),
(6, 5, 2, 'Nota Dinas Pendma'),
(7, 6, 3, 'Nota Dinas Pontren'),
(8, 7, 4, 'Nota Dinas Pais'),
(9, 8, 5, 'Nota Dinas PHU'),
(10, 9, 6, 'Nota Dinas Urais'),
(11, 10, 7, 'Nota Dinas Penais'),
(12, 11, 8, 'Nota Dinas Pembimas Kristen'),
(13, 12, 9, 'Nota Dinas Katolik'),
(14, 13, 10, 'Nota Dinas Hindu'),
(15, 14, 11, 'Nota Dinas Budha'),
(1001, 1001, 1000, 'Nota Dinas TU'),
(1002, 1002, 1000, 'Nota Dinas Pendidikan Madrasah'),
(1003, 1003, 1000, 'Nota Dinas Pendidikan Diniyah dan Pondok Pesantren'),
(1004, 1004, 1000, 'Nota Dinas Pendidikan Agama Islam'),
(1005, 1005, 1000, 'Nota Dinas Penyelenggaraan Haji dan Umrah'),
(1006, 1006, 1000, 'Nota Dinas Bimas Islam'),
(1007, 1007, 1000, 'Nota Dinas Penyelenggara Syariah'),
(1008, 1008, 1000, 'Nota Dinas Kelompok Jabatan Fungsional');

-- --------------------------------------------------------

--
-- Table structure for table `ref_seksi`
--

CREATE TABLE `ref_seksi` (
  `id` int(11) NOT NULL,
  `id_bidang` int(11) NOT NULL DEFAULT '0',
  `kode_suratseksi` varchar(5) NOT NULL DEFAULT '0',
  `kode_seksicek` varchar(10) NOT NULL DEFAULT '0',
  `nama_seksi` varchar(100) DEFAULT NULL
) ENGINE=InnoDB DEFAULT CHARSET=latin1;

--
-- Dumping data for table `ref_seksi`
--

INSERT INTO `ref_seksi` (`id`, `id_bidang`, `kode_suratseksi`, `kode_seksicek`, `nama_seksi`) VALUES
(1, 1, '1/', 'renkeu', 'Perencanaan dan Keuangan'),
(2, 1, '2/', 'up', 'Ortala dan Kepegawaian'),
(3, 1, '3/', 'inmas', 'Informasi Masyarakat'),
(4, 1, '4/', 'kub', 'Hukum dan Kerukunan Umat Beragama'),
(5, 1, '5/', 'umum', 'Subbag Umum'),
(6, 2, '1/', 'kurev', 'Seksi Kurikulum dan Evaluasi'),
(7, 2, '2/', 'PTK', 'Seksi Pendidik dan Tenaga Kependidikan'),
(8, 2, '3/', 'sarpras', 'Seksi Sarana dan Prasarana'),
(9, 2, '4/', 'kesiswaan', 'Seksi Kesiswaan'),
(10, 2, '5/', 'si', 'Seksi Kelembagaan dan Sistem Informasi'),
(11, 3, '1/', 'takmiliyah', 'Seksi Pendidikan Diniyah Takmiliyah'),
(12, 3, '2/', 'pdf', 'Seksi Pendidikan Diniyah Formal dan Kesetaraan'),
(13, 3, '3/', 'ponpes', 'Seksi Pondok Pesantren'),
(14, 3, '4/', 'tpq', 'Seksi Pendidikan Al-Quran'),
(15, 3, '5/', 'si', 'Seksi Sistem Informasi'),
(16, 4, '1/', 'tk', 'Seksi Pendidikan Agama Islam pada PAUD dan TK'),
(17, 4, '2/', 'sd', 'Seksi Pendidikan Agama Islam pada SD/SDLB'),
(18, 4, '3/', 'smp', 'Seksi Pendidikan Agama Islam pada SMP/SMPLB'),
(19, 4, '4/', 'sma', 'Seksi Pendidikan Agama Islam pada SMA/SMALB/SMK'),
(20, 4, '5/', 'si', 'Seksi Sistem Informasi'),
(21, 5, '1/', 'dok', 'Seksi Pendaftaran dan Dokumen Haji'),
(22, 5, '2/', 'pembinaan', 'Seksi Pembinaan Haji dan Umrah'),
(23, 5, '3/', 'akomodasi', 'Seksi Akomodasi, Transportasi, dan Perlengkapan Haji'),
(24, 5, '4/', 'keu', 'Seksi Pengelolaan Keuangan Haji'),
(25, 5, '5/', 'si', 'Seksi Pengelolaan Keuangan Haji'),
(26, 6, '1/', 'penghulu', 'Seksi Kepenghuluan'),
(27, 6, '2/', 'kua', 'Seksi Pemberdayaan Kantor Urusan Agama'),
(28, 6, '3/', 'masjid', 'Seksi Kemasjidan'),
(29, 6, '4/', 'si', 'Seksi Produk Halal, Pembinaan Syariah, dan SI'),
(30, 7, '1/', 'seksi1', 'Seksi Penerangan dan Penyuluhan Agama Islam'),
(31, 7, '2/', 'seksi2', 'Seksi Kemitraan Umat, Publikasi Dakwah dan Hari Besar Agama Islam'),
(32, 7, '3/', 'seksi3', 'Seksi Pengembangan Seni Budaya Islam, Musabaqah Al-Quran dan Al-Hadist'),
(33, 7, '4/', 'seksi4', 'Seksi Pemberdayaan Zakat Bidang Penais, Zakat dan Wakaf'),
(34, 7, '5/', 'seksi5', 'Seksi Pemberdayaan Wakaf Bidang Penais, Zakat dan Wakaf'),
(1001, 1000, '1/', 'tu', 'Sub Bagian Tata Usaha'),
(1002, 1000, '2/', 'pendma', 'Seksi Pendidikan Madrasah'),
(1003, 1000, '3/', 'pontren', 'Seksi Pendidikan Diniyah dan Pondok Pesantren'),
(1004, 1000, '4/', 'pais', 'Seksi Pendidikan Agama Islam'),
(1005, 1000, '5/', 'haji', 'Seksi Penyelenggaraan Haji dan Umrah'),
(1006, 1000, '6/', 'islam', 'Seksi Bimas Islam'),
(1007, 1000, '7/', 'syariah', 'Penyelenggara Syariah'),
(1008, 1000, '8/', 'fungsional', 'Kelompok Jabatan Fungsional');

-- --------------------------------------------------------

--
-- Table structure for table `ref_sifat`
--

CREATE TABLE `ref_sifat` (
  `id` int(11) NOT NULL,
  `nama_sifat` varchar(50) NOT NULL DEFAULT '0'
) ENGINE=InnoDB DEFAULT CHARSET=latin1;

--
-- Dumping data for table `ref_sifat`
--

INSERT INTO `ref_sifat` (`id`, `nama_sifat`) VALUES
(1, 'Biasa'),
(2, 'Penting'),
(3, 'Segera'),
(4, 'Rahasia');

-- --------------------------------------------------------

--
-- Table structure for table `t_chatpersonal`
--

CREATE TABLE `t_chatpersonal` (
  `id` int(11) NOT NULL,
  `tanggal` datetime NOT NULL DEFAULT CURRENT_TIMESTAMP,
  `id_kirim` int(11) NOT NULL DEFAULT '0',
  `id_terima` int(11) NOT NULL DEFAULT '0',
  `pesan` varchar(255) NOT NULL DEFAULT '0'
) ENGINE=InnoDB DEFAULT CHARSET=latin1;

-- --------------------------------------------------------

--
-- Table structure for table `t_chatroom`
--

CREATE TABLE `t_chatroom` (
  `id` int(11) NOT NULL,
  `username` varchar(50) NOT NULL DEFAULT '0',
  `nama` varchar(100) NOT NULL DEFAULT '0',
  `foto` varchar(100) DEFAULT NULL,
  `id_rules` int(11) NOT NULL DEFAULT '0',
  `pesan` varchar(255) NOT NULL DEFAULT '0',
  `date` datetime NOT NULL
) ENGINE=InnoDB DEFAULT CHARSET=latin1;

--
-- Dumping data for table `t_chatroom`
--

INSERT INTO `t_chatroom` (`id`, `username`, `nama`, `foto`, `id_rules`, `pesan`, `date`) VALUES
(1, 'fihani', 'Fitri Raihani Rasmana', '951d4-untitled.png', 1, 'Testing  Chat Room...', '2018-03-04 10:00:37'),
(2, 'adminkabko', 'Adminnya KabKo', 'f2cfd-demo.png', 1001, 'hallo', '2018-05-09 09:37:09');

-- --------------------------------------------------------

--
-- Table structure for table `t_disposisi`
--

CREATE TABLE `t_disposisi` (
  `id` int(11) NOT NULL,
  `id_suratmasuk` int(11) NOT NULL DEFAULT '0',
  `id_pemberi` int(11) NOT NULL DEFAULT '0',
  `id_penerima` int(11) NOT NULL DEFAULT '0',
  `tanggal_disposisi` date NOT NULL,
  `catatan_disposisi` varchar(150) NOT NULL,
  `id_userdisposisi` int(11) NOT NULL,
  `tanggal_rekamdisposisi` datetime NOT NULL
) ENGINE=InnoDB DEFAULT CHARSET=latin1;

--
-- Dumping data for table `t_disposisi`
--

INSERT INTO `t_disposisi` (`id`, `id_suratmasuk`, `id_pemberi`, `id_penerima`, `tanggal_disposisi`, `catatan_disposisi`, `id_userdisposisi`, `tanggal_rekamdisposisi`) VALUES
(1, 1, 1005, 1004, '2018-05-13', 'TL', 1002, '2018-05-13 07:41:00'),
(2, 1, 1004, 1003, '2018-05-15', 'TL', 1004, '2018-05-13 13:25:08'),
(3, 1, 1003, 1003, '2018-05-14', 'Sudah di TL', 1003, '2018-05-13 13:39:06');

-- --------------------------------------------------------

--
-- Table structure for table `t_suratdinas`
--

CREATE TABLE `t_suratdinas` (
  `id` int(11) NOT NULL,
  `dasar` varchar(255) NOT NULL,
  `nama` varchar(255) NOT NULL,
  `nip` varchar(50) DEFAULT NULL,
  `pangkatgol` varchar(255) NOT NULL,
  `jabatan` varchar(255) NOT NULL,
  `tingkat_biaya` varchar(50) NOT NULL,
  `maksud` varchar(255) NOT NULL,
  `tempat` varchar(255) NOT NULL,
  `alat_angkut` varchar(50) NOT NULL,
  `tempat_berangkat` varchar(100) NOT NULL,
  `tempat_tujuan` varchar(100) NOT NULL,
  `tanggal_awal` date NOT NULL,
  `tanggal_akhir` date NOT NULL,
  `kepada` varchar(255) NOT NULL,
  `tanggal pembuatan` timestamp NOT NULL DEFAULT CURRENT_TIMESTAMP
) ENGINE=InnoDB DEFAULT CHARSET=latin1;

--
-- Dumping data for table `t_suratdinas`
--

INSERT INTO `t_suratdinas` (`id`, `dasar`, `nama`, `nip`, `pangkatgol`, `jabatan`, `tingkat_biaya`, `maksud`, `tempat`, `alat_angkut`, `tempat_berangkat`, `tempat_tujuan`, `tanggal_awal`, `tanggal_akhir`, `kepada`, `tanggal pembuatan`) VALUES
(1, 'Brosur Workshop ITS Surabaya', 'Muhammad Fauzi, S.Kom', '19770602 201101 1 005', 'Penata Muda Tk I (III/b)', 'Pranata Komputer Ahli Pertama pada Seksi Penyelenggaraan Haji dan Umrah Kantor Kementerian Agama Kabupaten Jember Provinsi Jawa Timur', 'Tingkat C', 'Manghadiri Sebagai Peserta Kegiatan Workshop Business Intellegence and Data Crawling', 'Ruang AJ201, Gedung Teknik Elektro, Kampus ITS Surabaya. Jl. Raya ITS Surabaya', 'Kendaraan Umum', 'Jember', 'Sidoarjo', '2018-11-06', '2018-11-06', 'Kepada', '2018-11-06 06:36:59'),
(2, 'aa', 'a', '1', 'a', 'a', '', 'a', 'aa', '', '', '', '2018-11-01', '2018-11-02', 'aa', '2018-11-06 06:49:22'),
(3, 'jalan-jalan', 'siapa', '-', 'ndak tau', 'belum dapat', 'murah', 'bermain', 'jalan buntu', 'sepeda', 'jember', 'surabaya', '2018-11-07', '2018-11-08', 'siapa', '2018-11-07 01:40:57');

-- --------------------------------------------------------

--
-- Table structure for table `t_suratkeluar`
--

CREATE TABLE `t_suratkeluar` (
  `id` int(11) NOT NULL,
  `id_kodeklasifikasi` int(11) NOT NULL,
  `id_tujuansurat` int(11) DEFAULT NULL,
  `penerima` varchar(255) NOT NULL DEFAULT '0',
  `id_jenissurat` int(11) NOT NULL,
  `nomor_surat` int(11) DEFAULT NULL,
  `perihal` varchar(100) DEFAULT NULL,
  `indeks_surat` varchar(50) DEFAULT NULL,
  `tanggal_surat` date DEFAULT NULL,
  `tanggal_rekam` date DEFAULT NULL,
  `id_sifat` int(11) DEFAULT NULL,
  `lampiran` varchar(50) DEFAULT NULL,
  `id_user` int(11) DEFAULT NULL,
  `file_suratkeluar` varchar(255) DEFAULT NULL,
  `catatan_BO` text,
  `status_BO` int(11) DEFAULT '0',
  `kode_kabko` varchar(5) DEFAULT '0'
) ENGINE=InnoDB DEFAULT CHARSET=latin1;

--
-- Dumping data for table `t_suratkeluar`
--

INSERT INTO `t_suratkeluar` (`id`, `id_kodeklasifikasi`, `id_tujuansurat`, `penerima`, `id_jenissurat`, `nomor_surat`, `perihal`, `indeks_surat`, `tanggal_surat`, `tanggal_rekam`, `id_sifat`, `lampiran`, `id_user`, `file_suratkeluar`, `catatan_BO`, `status_BO`, `kode_kabko`) VALUES
(1, 158, 3, 'Dinas Pendidikan', 1, 1, 'Undangan USBN', 'usbn', '2018-05-13', '2018-05-13', 2, '-', 1003, 'db2ff-logo-kemkeu-igggd.png', '<p>\r\n	ok</p>\r\n', 0, '1317'),
(2, 24, 3, 'ybs', 4, 1, 'Surat Tugas ke Kanwil', 'Surat Tugas', '2018-05-13', '2018-05-13', 2, '-', 1003, '9843a-book1.xlsx', NULL, 0, '1317');

-- --------------------------------------------------------

--
-- Table structure for table `t_suratmasuk`
--

CREATE TABLE `t_suratmasuk` (
  `id` int(11) NOT NULL,
  `id_asalsurat` int(11) NOT NULL DEFAULT '0',
  `pengirim` varchar(255) NOT NULL DEFAULT '0',
  `nomor_surat` varchar(50) NOT NULL DEFAULT '0',
  `perihal` varchar(255) NOT NULL DEFAULT '0',
  `indeks_berkas` varchar(50) NOT NULL DEFAULT '0',
  `id_sifat` varchar(50) NOT NULL DEFAULT '0',
  `lampiran` varchar(50) NOT NULL DEFAULT '0',
  `id_user` int(11) NOT NULL DEFAULT '0',
  `file_suratmasuk` varchar(255) NOT NULL DEFAULT '0',
  `tanggal_surat` date NOT NULL,
  `tanggal_rekam` date NOT NULL,
  `terima_sekkab` int(11) NOT NULL,
  `kode_kabko` varchar(5) NOT NULL DEFAULT '0'
) ENGINE=InnoDB DEFAULT CHARSET=latin1;

--
-- Dumping data for table `t_suratmasuk`
--

INSERT INTO `t_suratmasuk` (`id`, `id_asalsurat`, `pengirim`, `nomor_surat`, `perihal`, `indeks_berkas`, `id_sifat`, `lampiran`, `id_user`, `file_suratmasuk`, `tanggal_surat`, `tanggal_rekam`, `terima_sekkab`, `kode_kabko`) VALUES
(1, 3, 'Dinas Pendidikan', '12345678', 'Jadwal USBN', 'usbn', '2', '-', 1002, 'b8c3c-surat-pernyataan.docx', '2018-05-13', '2018-05-13', 0, '1317'),
(2, 3, 'Dinas Pendidikan Kabupaten Tuban', '1234567890', 'Undangan Rapat Koordinasi Pelaksaaan Ujian', 'Undangan', '2', '-', 1002, '66645-surat-pernyataan-gresik.docx', '2018-05-10', '2018-05-13', 0, '1317');

-- --------------------------------------------------------

--
-- Table structure for table `user`
--

CREATE TABLE `user` (
  `u_id` int(3) NOT NULL,
  `nama` varchar(50) COLLATE latin1_general_ci NOT NULL,
  `u_name` varchar(50) COLLATE latin1_general_ci NOT NULL,
  `u_paswd` varchar(100) COLLATE latin1_general_ci NOT NULL,
  `role` varchar(15) COLLATE latin1_general_ci NOT NULL
) ENGINE=InnoDB DEFAULT CHARSET=latin1 COLLATE=latin1_general_ci;

--
-- Dumping data for table `user`
--

INSERT INTO `user` (`u_id`, `nama`, `u_name`, `u_paswd`, `role`) VALUES
(3, 'User admin', 'User', '21232f297a57a5a743894a0e4a801fc3', 'User'),
(4, 'andrian', 'andrianext', '21232f297a57a5a743894a0e4a801fc3', 'Administrator');

-- --------------------------------------------------------

--
-- Table structure for table `users`
--

CREATE TABLE `users` (
  `id` int(11) NOT NULL,
  `id_rules` int(1) NOT NULL DEFAULT '0',
  `name` varchar(50) NOT NULL DEFAULT '0',
  `username` varchar(50) DEFAULT NULL,
  `password` varchar(50) NOT NULL,
  `id_bidang` int(11) DEFAULT NULL,
  `id_seksi` int(11) DEFAULT NULL,
  `id_jabatan` int(11) DEFAULT NULL,
  `status` int(11) DEFAULT NULL,
  `ket` varchar(200) DEFAULT NULL,
  `foto` varchar(200) DEFAULT NULL
) ENGINE=InnoDB DEFAULT CHARSET=latin1;

--
-- Dumping data for table `users`
--

INSERT INTO `users` (`id`, `id_rules`, `name`, `username`, `password`, `id_bidang`, `id_seksi`, `id_jabatan`, `status`, `ket`, `foto`) VALUES
(1001, 1001, 'admin', 'admin', 'admin', 1000, 0, 0, 1, NULL, 'f2cfd-demo.png'),
(1002, 1002, 'sekretaris', 'sekretaris', 'sekretaris', 1000, 1001, 1003, 1, 'sekre', '92b13-578ce64bdd725-sunder-the-handsome.png'),
(1003, 1004, 'pengguna', 'pengguna', 'pengguna', 1000, 1003, 1003, 1, NULL, '4df2d-demo.png'),
(1004, 1003, 'kasi', 'kasi', 'kasi', 1000, 1003, 1002, 1, NULL, '139e2-demo.png'),
(1005, 1002, 'Kepala Kantor', 'kepala', 'kepala', 1000, NULL, 1001, 1, NULL, NULL);

-- --------------------------------------------------------

--
-- Table structure for table `users_rules`
--

CREATE TABLE `users_rules` (
  `id` int(100) NOT NULL,
  `rules` varchar(50) NOT NULL,
  `keterangan` varchar(250) NOT NULL
) ENGINE=InnoDB DEFAULT CHARSET=latin1;

--
-- Dumping data for table `users_rules`
--

INSERT INTO `users_rules` (`id`, `rules`, `keterangan`) VALUES
(1, 'admin', 'Bisa Menggunakan semua Menu'),
(2, 'Front Office', ''),
(3, 'Back Office SURAT', ''),
(4, 'Sekretaris Kakanwil', ''),
(5, 'Sekretaris Kabag', ''),
(6, 'Sekretaris Kabid', ''),
(7, 'Pengguna', ''),
(8, 'Kasi/ Kasubbag', ''),
(1001, 'Admin Kab/Kota', ''),
(1002, 'Sekretaris', ''),
(1003, 'Kasi/Kasubag', ''),
(1004, 'Pengguna', '');

-- --------------------------------------------------------

--
-- Stand-in structure for view `v_disposisi`
--
CREATE TABLE `v_disposisi` (
`id` int(11)
,`id_suratmasuk` int(11)
,`id_pemberi` int(11)
,`id_penerima` int(11)
,`tanggal_disposisi` date
,`catatan_disposisi` varchar(150)
,`id_userdisposisi` int(11)
,`tanggal_rekamdisposisi` datetime
,`id_pemberi_bidang` int(11)
,`id_pemberi_seksi` int(11)
,`id_pemberi_jabatan` int(11)
,`id_penerima_bidang` int(11)
,`id_penerima_seksi` int(11)
,`id_penerima_jabatan` int(11)
,`id_asalsurat` int(11)
,`pengirim` varchar(255)
,`nomor_surat` varchar(50)
,`perihal` varchar(255)
,`indeks_berkas` varchar(50)
,`tanggal_surat` date
,`tanggal_rekam` date
,`id_sifat` varchar(50)
,`lampiran` varchar(50)
,`id_user` int(11)
,`file_suratmasuk` varchar(255)
,`kode_kabko` varchar(5)
);

-- --------------------------------------------------------

--
-- Stand-in structure for view `v_disposisi_id_last`
--
CREATE TABLE `v_disposisi_id_last` (
`id_suratmasuk` int(11)
,`id` int(11)
);

-- --------------------------------------------------------

--
-- Stand-in structure for view `v_disposisi_last`
--
CREATE TABLE `v_disposisi_last` (
`id` int(11)
,`id_suratmasuk` int(11)
,`id_pemberi` int(11)
,`id_penerima` int(11)
,`tanggal_disposisi` date
,`catatan_disposisi` varchar(150)
,`id_userdisposisi` int(11)
,`tanggal_rekamdisposisi` datetime
,`id_pemberi_bidang` int(11)
,`id_pemberi_seksi` int(11)
,`id_pemberi_jabatan` int(11)
,`id_penerima_bidang` int(11)
,`id_penerima_seksi` int(11)
,`id_penerima_jabatan` int(11)
,`id_asalsurat` int(11)
,`pengirim` varchar(255)
,`nomor_surat` varchar(50)
,`perihal` varchar(255)
,`indeks_berkas` varchar(50)
,`tanggal_surat` date
,`tanggal_rekam` date
,`id_sifat` varchar(50)
,`lampiran` varchar(50)
,`id_user` int(11)
,`file_suratmasuk` varchar(255)
,`kode_kabko` varchar(5)
);

-- --------------------------------------------------------

--
-- Stand-in structure for view `v_suratkeluar`
--
CREATE TABLE `v_suratkeluar` (
`id` int(11)
,`id_kodeklasifikasi` int(11)
,`id_tujuansurat` int(11)
,`penerima` varchar(255)
,`id_jenissurat` int(11)
,`nomor_surat` int(11)
,`perihal` varchar(100)
,`indeks_surat` varchar(50)
,`tanggal_surat` date
,`tanggal_rekam` date
,`id_sifat` int(11)
,`lampiran` varchar(50)
,`id_user` int(11)
,`file_suratkeluar` varchar(255)
,`catatan_BO` text
,`status_BO` int(11)
,`kode_kabko` varchar(5)
,`id_bidang` int(11)
,`id_seksi` int(11)
,`id_jabatan` int(11)
);

-- --------------------------------------------------------

--
-- Stand-in structure for view `v_suratmasuk_posisi`
--
CREATE TABLE `v_suratmasuk_posisi` (
`kode_kabko` varchar(5)
,`id` int(11)
,`id_asalsurat` int(11)
,`pengirim` varchar(255)
,`nomor_surat` varchar(50)
,`perihal` varchar(255)
,`indeks_berkas` varchar(50)
,`tanggal_surat` date
,`tanggal_rekam` date
,`id_sifat` varchar(50)
,`file_suratmasuk` varchar(255)
,`id_pemberi` int(11)
,`id_penerima` int(11)
,`tanggal_disposisi` date
,`catatan_disposisi` varchar(150)
,`id_penerima_bidang` int(11)
,`id_penerima_seksi` int(11)
,`terima_sekkab` int(11)
);

-- --------------------------------------------------------

--
-- Stand-in structure for view `v_users`
--
CREATE TABLE `v_users` (
`id` int(11)
,`id_rules` int(1)
,`name` varchar(50)
,`username` varchar(50)
,`password` varchar(50)
,`id_bidang` int(11)
,`id_seksi` int(11)
,`id_jabatan` int(11)
,`status` int(11)
,`ket` varchar(200)
,`foto` varchar(200)
,`kode_bidangcek` varchar(50)
,`nama_bidang` varchar(100)
);

-- --------------------------------------------------------

--
-- Structure for view `v_disposisi`
--
DROP TABLE IF EXISTS `v_disposisi`;

CREATE ALGORITHM=UNDEFINED DEFINER=`root`@`localhost` SQL SECURITY DEFINER VIEW `v_disposisi`  AS  select `d`.`id` AS `id`,`d`.`id_suratmasuk` AS `id_suratmasuk`,`d`.`id_pemberi` AS `id_pemberi`,`d`.`id_penerima` AS `id_penerima`,`d`.`tanggal_disposisi` AS `tanggal_disposisi`,`d`.`catatan_disposisi` AS `catatan_disposisi`,`d`.`id_userdisposisi` AS `id_userdisposisi`,`d`.`tanggal_rekamdisposisi` AS `tanggal_rekamdisposisi`,`u1`.`id_bidang` AS `id_pemberi_bidang`,`u1`.`id_seksi` AS `id_pemberi_seksi`,`u1`.`id_jabatan` AS `id_pemberi_jabatan`,`u2`.`id_bidang` AS `id_penerima_bidang`,`u2`.`id_seksi` AS `id_penerima_seksi`,`u2`.`id_jabatan` AS `id_penerima_jabatan`,`sm`.`id_asalsurat` AS `id_asalsurat`,`sm`.`pengirim` AS `pengirim`,`sm`.`nomor_surat` AS `nomor_surat`,`sm`.`perihal` AS `perihal`,`sm`.`indeks_berkas` AS `indeks_berkas`,`sm`.`tanggal_surat` AS `tanggal_surat`,`sm`.`tanggal_rekam` AS `tanggal_rekam`,`sm`.`id_sifat` AS `id_sifat`,`sm`.`lampiran` AS `lampiran`,`sm`.`id_user` AS `id_user`,`sm`.`file_suratmasuk` AS `file_suratmasuk`,`sm`.`kode_kabko` AS `kode_kabko` from (((`t_disposisi` `d` join `users` `u1`) join `users` `u2`) join `t_suratmasuk` `sm`) where ((`d`.`id_pemberi` = `u1`.`id`) and (`d`.`id_penerima` = `u2`.`id`) and (`d`.`id_suratmasuk` = `sm`.`id`)) ;

-- --------------------------------------------------------

--
-- Structure for view `v_disposisi_id_last`
--
DROP TABLE IF EXISTS `v_disposisi_id_last`;

CREATE ALGORITHM=UNDEFINED DEFINER=`root`@`localhost` SQL SECURITY DEFINER VIEW `v_disposisi_id_last`  AS  select `t_disposisi`.`id_suratmasuk` AS `id_suratmasuk`,max(`t_disposisi`.`id`) AS `id` from `t_disposisi` group by `t_disposisi`.`id_suratmasuk` ;

-- --------------------------------------------------------

--
-- Structure for view `v_disposisi_last`
--
DROP TABLE IF EXISTS `v_disposisi_last`;

CREATE ALGORITHM=UNDEFINED DEFINER=`root`@`localhost` SQL SECURITY DEFINER VIEW `v_disposisi_last`  AS  select `d`.`id` AS `id`,`d`.`id_suratmasuk` AS `id_suratmasuk`,`d`.`id_pemberi` AS `id_pemberi`,`d`.`id_penerima` AS `id_penerima`,`d`.`tanggal_disposisi` AS `tanggal_disposisi`,`d`.`catatan_disposisi` AS `catatan_disposisi`,`d`.`id_userdisposisi` AS `id_userdisposisi`,`d`.`tanggal_rekamdisposisi` AS `tanggal_rekamdisposisi`,`d`.`id_pemberi_bidang` AS `id_pemberi_bidang`,`d`.`id_pemberi_seksi` AS `id_pemberi_seksi`,`d`.`id_pemberi_jabatan` AS `id_pemberi_jabatan`,`d`.`id_penerima_bidang` AS `id_penerima_bidang`,`d`.`id_penerima_seksi` AS `id_penerima_seksi`,`d`.`id_penerima_jabatan` AS `id_penerima_jabatan`,`d`.`id_asalsurat` AS `id_asalsurat`,`d`.`pengirim` AS `pengirim`,`d`.`nomor_surat` AS `nomor_surat`,`d`.`perihal` AS `perihal`,`d`.`indeks_berkas` AS `indeks_berkas`,`d`.`tanggal_surat` AS `tanggal_surat`,`d`.`tanggal_rekam` AS `tanggal_rekam`,`d`.`id_sifat` AS `id_sifat`,`d`.`lampiran` AS `lampiran`,`d`.`id_user` AS `id_user`,`d`.`file_suratmasuk` AS `file_suratmasuk`,`d`.`kode_kabko` AS `kode_kabko` from (`v_disposisi` `d` join `v_disposisi_id_last` `idl`) where (`d`.`id` = `idl`.`id`) ;

-- --------------------------------------------------------

--
-- Structure for view `v_suratkeluar`
--
DROP TABLE IF EXISTS `v_suratkeluar`;

CREATE ALGORITHM=UNDEFINED DEFINER=`root`@`localhost` SQL SECURITY DEFINER VIEW `v_suratkeluar`  AS  select `sk`.`id` AS `id`,`sk`.`id_kodeklasifikasi` AS `id_kodeklasifikasi`,`sk`.`id_tujuansurat` AS `id_tujuansurat`,`sk`.`penerima` AS `penerima`,`sk`.`id_jenissurat` AS `id_jenissurat`,`sk`.`nomor_surat` AS `nomor_surat`,`sk`.`perihal` AS `perihal`,`sk`.`indeks_surat` AS `indeks_surat`,`sk`.`tanggal_surat` AS `tanggal_surat`,`sk`.`tanggal_rekam` AS `tanggal_rekam`,`sk`.`id_sifat` AS `id_sifat`,`sk`.`lampiran` AS `lampiran`,`sk`.`id_user` AS `id_user`,`sk`.`file_suratkeluar` AS `file_suratkeluar`,`sk`.`catatan_BO` AS `catatan_BO`,`sk`.`status_BO` AS `status_BO`,`sk`.`kode_kabko` AS `kode_kabko`,`u`.`id_bidang` AS `id_bidang`,`u`.`id_seksi` AS `id_seksi`,`u`.`id_jabatan` AS `id_jabatan` from (`t_suratkeluar` `sk` join `users` `u` on((`sk`.`id_user` = `u`.`id`))) ;

-- --------------------------------------------------------

--
-- Structure for view `v_suratmasuk_posisi`
--
DROP TABLE IF EXISTS `v_suratmasuk_posisi`;

CREATE ALGORITHM=UNDEFINED DEFINER=`root`@`localhost` SQL SECURITY DEFINER VIEW `v_suratmasuk_posisi`  AS  select `sm`.`kode_kabko` AS `kode_kabko`,`sm`.`id` AS `id`,`sm`.`id_asalsurat` AS `id_asalsurat`,`sm`.`pengirim` AS `pengirim`,`sm`.`nomor_surat` AS `nomor_surat`,`sm`.`perihal` AS `perihal`,`sm`.`indeks_berkas` AS `indeks_berkas`,`sm`.`tanggal_surat` AS `tanggal_surat`,`sm`.`tanggal_rekam` AS `tanggal_rekam`,`sm`.`id_sifat` AS `id_sifat`,`sm`.`file_suratmasuk` AS `file_suratmasuk`,`dl`.`id_pemberi` AS `id_pemberi`,`dl`.`id_penerima` AS `id_penerima`,`dl`.`tanggal_disposisi` AS `tanggal_disposisi`,`dl`.`catatan_disposisi` AS `catatan_disposisi`,`dl`.`id_penerima_bidang` AS `id_penerima_bidang`,`dl`.`id_penerima_seksi` AS `id_penerima_seksi`,`sm`.`terima_sekkab` AS `terima_sekkab` from (`t_suratmasuk` `sm` left join `v_disposisi_last` `dl` on((`sm`.`id` = `dl`.`id_suratmasuk`))) ;

-- --------------------------------------------------------

--
-- Structure for view `v_users`
--
DROP TABLE IF EXISTS `v_users`;

CREATE ALGORITHM=UNDEFINED DEFINER=`root`@`localhost` SQL SECURITY DEFINER VIEW `v_users`  AS  select `users`.`id` AS `id`,`users`.`id_rules` AS `id_rules`,`users`.`name` AS `name`,`users`.`username` AS `username`,`users`.`password` AS `password`,`users`.`id_bidang` AS `id_bidang`,`users`.`id_seksi` AS `id_seksi`,`users`.`id_jabatan` AS `id_jabatan`,`users`.`status` AS `status`,`users`.`ket` AS `ket`,`users`.`foto` AS `foto`,`ref_bidang`.`kode_bidangcek` AS `kode_bidangcek`,`ref_bidang`.`nama_bidang` AS `nama_bidang` from (`users` left join `ref_bidang` on((`users`.`id_bidang` = `ref_bidang`.`id`))) ;

--
-- Indexes for dumped tables
--

--
-- Indexes for table `admin`
--
ALTER TABLE `admin`
  ADD PRIMARY KEY (`id`);

--
-- Indexes for table `data`
--
ALTER TABLE `data`
  ADD PRIMARY KEY (`id`);

--
-- Indexes for table `m_kabko`
--
ALTER TABLE `m_kabko`
  ADD PRIMARY KEY (`id`);

--
-- Indexes for table `m_kodeklasifikasi`
--
ALTER TABLE `m_kodeklasifikasi`
  ADD PRIMARY KEY (`id`);

--
-- Indexes for table `m_man`
--
ALTER TABLE `m_man`
  ADD PRIMARY KEY (`id`);

--
-- Indexes for table `pengumuman`
--
ALTER TABLE `pengumuman`
  ADD PRIMARY KEY (`id`);

--
-- Indexes for table `ref_asalsurat`
--
ALTER TABLE `ref_asalsurat`
  ADD PRIMARY KEY (`id`);

--
-- Indexes for table `ref_bidang`
--
ALTER TABLE `ref_bidang`
  ADD PRIMARY KEY (`id`);

--
-- Indexes for table `ref_jabatan`
--
ALTER TABLE `ref_jabatan`
  ADD PRIMARY KEY (`id`);

--
-- Indexes for table `ref_jenissurat`
--
ALTER TABLE `ref_jenissurat`
  ADD PRIMARY KEY (`id`);

--
-- Indexes for table `ref_seksi`
--
ALTER TABLE `ref_seksi`
  ADD PRIMARY KEY (`id`);

--
-- Indexes for table `ref_sifat`
--
ALTER TABLE `ref_sifat`
  ADD PRIMARY KEY (`id`);

--
-- Indexes for table `t_chatpersonal`
--
ALTER TABLE `t_chatpersonal`
  ADD PRIMARY KEY (`id`);

--
-- Indexes for table `t_chatroom`
--
ALTER TABLE `t_chatroom`
  ADD PRIMARY KEY (`id`);

--
-- Indexes for table `t_disposisi`
--
ALTER TABLE `t_disposisi`
  ADD PRIMARY KEY (`id`);

--
-- Indexes for table `t_suratdinas`
--
ALTER TABLE `t_suratdinas`
  ADD PRIMARY KEY (`id`);

--
-- Indexes for table `t_suratkeluar`
--
ALTER TABLE `t_suratkeluar`
  ADD PRIMARY KEY (`id`);

--
-- Indexes for table `t_suratmasuk`
--
ALTER TABLE `t_suratmasuk`
  ADD PRIMARY KEY (`id`);

--
-- Indexes for table `user`
--
ALTER TABLE `user`
  ADD PRIMARY KEY (`u_id`);

--
-- Indexes for table `users`
--
ALTER TABLE `users`
  ADD PRIMARY KEY (`id`),
  ADD UNIQUE KEY `username` (`username`);

--
-- Indexes for table `users_rules`
--
ALTER TABLE `users_rules`
  ADD PRIMARY KEY (`id`);

--
-- AUTO_INCREMENT for dumped tables
--

--
-- AUTO_INCREMENT for table `admin`
--
ALTER TABLE `admin`
  MODIFY `id` int(11) NOT NULL AUTO_INCREMENT, AUTO_INCREMENT=4;
--
-- AUTO_INCREMENT for table `data`
--
ALTER TABLE `data`
  MODIFY `id` int(11) NOT NULL AUTO_INCREMENT, AUTO_INCREMENT=672;
--
-- AUTO_INCREMENT for table `m_kabko`
--
ALTER TABLE `m_kabko`
  MODIFY `id` int(2) NOT NULL AUTO_INCREMENT, AUTO_INCREMENT=39;
--
-- AUTO_INCREMENT for table `m_kodeklasifikasi`
--
ALTER TABLE `m_kodeklasifikasi`
  MODIFY `id` int(11) NOT NULL AUTO_INCREMENT, AUTO_INCREMENT=1002;
--
-- AUTO_INCREMENT for table `m_man`
--
ALTER TABLE `m_man`
  MODIFY `id` int(11) NOT NULL AUTO_INCREMENT, AUTO_INCREMENT=91;
--
-- AUTO_INCREMENT for table `pengumuman`
--
ALTER TABLE `pengumuman`
  MODIFY `id` int(11) NOT NULL AUTO_INCREMENT, AUTO_INCREMENT=2;
--
-- AUTO_INCREMENT for table `ref_asalsurat`
--
ALTER TABLE `ref_asalsurat`
  MODIFY `id` int(11) NOT NULL AUTO_INCREMENT, AUTO_INCREMENT=4;
--
-- AUTO_INCREMENT for table `ref_bidang`
--
ALTER TABLE `ref_bidang`
  MODIFY `id` int(11) NOT NULL AUTO_INCREMENT, AUTO_INCREMENT=1339;
--
-- AUTO_INCREMENT for table `ref_jabatan`
--
ALTER TABLE `ref_jabatan`
  MODIFY `id` int(11) NOT NULL AUTO_INCREMENT, AUTO_INCREMENT=1004;
--
-- AUTO_INCREMENT for table `ref_jenissurat`
--
ALTER TABLE `ref_jenissurat`
  MODIFY `id` int(11) NOT NULL AUTO_INCREMENT, AUTO_INCREMENT=1009;
--
-- AUTO_INCREMENT for table `ref_seksi`
--
ALTER TABLE `ref_seksi`
  MODIFY `id` int(11) NOT NULL AUTO_INCREMENT, AUTO_INCREMENT=1009;
--
-- AUTO_INCREMENT for table `ref_sifat`
--
ALTER TABLE `ref_sifat`
  MODIFY `id` int(11) NOT NULL AUTO_INCREMENT, AUTO_INCREMENT=5;
--
-- AUTO_INCREMENT for table `t_chatpersonal`
--
ALTER TABLE `t_chatpersonal`
  MODIFY `id` int(11) NOT NULL AUTO_INCREMENT;
--
-- AUTO_INCREMENT for table `t_chatroom`
--
ALTER TABLE `t_chatroom`
  MODIFY `id` int(11) NOT NULL AUTO_INCREMENT, AUTO_INCREMENT=3;
--
-- AUTO_INCREMENT for table `t_disposisi`
--
ALTER TABLE `t_disposisi`
  MODIFY `id` int(11) NOT NULL AUTO_INCREMENT, AUTO_INCREMENT=4;
--
-- AUTO_INCREMENT for table `t_suratdinas`
--
ALTER TABLE `t_suratdinas`
  MODIFY `id` int(11) NOT NULL AUTO_INCREMENT, AUTO_INCREMENT=4;
--
-- AUTO_INCREMENT for table `t_suratkeluar`
--
ALTER TABLE `t_suratkeluar`
  MODIFY `id` int(11) NOT NULL AUTO_INCREMENT, AUTO_INCREMENT=3;
--
-- AUTO_INCREMENT for table `t_suratmasuk`
--
ALTER TABLE `t_suratmasuk`
  MODIFY `id` int(11) NOT NULL AUTO_INCREMENT, AUTO_INCREMENT=3;
--
-- AUTO_INCREMENT for table `user`
--
ALTER TABLE `user`
  MODIFY `u_id` int(3) NOT NULL AUTO_INCREMENT, AUTO_INCREMENT=5;
--
-- AUTO_INCREMENT for table `users`
--
ALTER TABLE `users`
  MODIFY `id` int(11) NOT NULL AUTO_INCREMENT, AUTO_INCREMENT=1006;
--
-- AUTO_INCREMENT for table `users_rules`
--
ALTER TABLE `users_rules`
  MODIFY `id` int(100) NOT NULL AUTO_INCREMENT, AUTO_INCREMENT=1005;
/*!40101 SET CHARACTER_SET_CLIENT=@OLD_CHARACTER_SET_CLIENT */;
/*!40101 SET CHARACTER_SET_RESULTS=@OLD_CHARACTER_SET_RESULTS */;
/*!40101 SET COLLATION_CONNECTION=@OLD_COLLATION_CONNECTION */;
